country,period,flood_total_affected,flood_total_deaths
Afghanistan,1955,0.0,51.0
Afghanistan,1960,0.0,107.0
Afghanistan,1970,250000.0,150.0
Afghanistan,1975,351684.0,171.0
Afghanistan,1980,30000.0,0.0
Afghanistan,1985,161000.0,0.0
Afghanistan,1990,143400.0,1793.0
Afghanistan,1995,38905.0,197.0
Afghanistan,2000,13798.0,233.0
Afghanistan,2005,145244.0,930.0
Afghanistan,2010,268112.0,971.0
Afghanistan,2015,139774.0,399.0
Afghanistan,2020,785949.0,1603.0
Afghanistan,2025,44.0,39.0
Africa,1925,0.0,3000.0
Africa,1950,0.0,186.0
Africa,1955,0.0,51.0
Africa,1960,130310.0,534.0
Africa,1965,738731.0,809.0
Africa,1970,2974684.0,705.0
Africa,1975,1624842.0,623.0
Africa,1980,1467719.0,460.0
Africa,1985,5879333.0,1190.0
Africa,1990,4296634.0,2054.0
Africa,1995,10061635.0,5263.0
Africa,2000,11822316.0,3900.0
Africa,2005,11430239.0,3945.0
Africa,2010,18498488.0,3430.0
Africa,2015,13583443.0,3806.0
Africa,2020,42165135.0,10725.0
Africa,2025,870302.0,880.0
Albania,1945,0.0,15.0
Albania,1980,11000.0,9.0
Albania,1990,35000.0,11.0
Albania,1995,9500.0,4.0
Albania,2000,69384.0,1.0
Albania,2005,4460.0,3.0
Albania,2010,19440.0,0.0
Albania,2015,69442.0,4.0
Albania,2020,84.0,0.0
Algeria,1925,0.0,3000.0
Algeria,1950,0.0,25.0
Algeria,1960,45400.0,0.0
Algeria,1965,266149.0,153.0
Algeria,1970,166000.0,32.0
Algeria,1975,30000.0,0.0
Algeria,1980,10034.0,134.0
Algeria,1985,15000.0,26.0
Algeria,1990,33474.0,83.0
Algeria,1995,3803.0,20.0
Algeria,2000,75443.0,1054.0
Algeria,2005,124723.0,236.0
Algeria,2010,894.0,79.0
Algeria,2015,35200.0,18.0
Algeria,2020,16588.0,26.0
Algeria,2025,100.0,6.0
American Samoa,2000,3.0,6.0
Angola,1985,100000.0,0.0
Angola,2000,453464.0,137.0
Angola,2005,362690.0,174.0
Angola,2010,281465.0,164.0
Angola,2015,64314.0,276.0
Angola,2020,191617.0,141.0
Argentina,1955,0.0,360.0
Argentina,1965,332000.0,118.0
Argentina,1970,0.0,36.0
Argentina,1975,24100.0,0.0
Argentina,1980,6170000.0,41.0
Argentina,1985,6022000.0,65.0
Argentina,1990,90074.0,66.0
Argentina,1995,375000.0,19.0
Argentina,2000,464447.0,50.0
Argentina,2005,258628.0,19.0
Argentina,2010,367203.0,61.0
Argentina,2015,377450.0,18.0
Argentina,2020,443490.0,3.0
Argentina,2025,236700.0,125.0
Armenia,1995,7144.0,4.0
Armenia,2000,0.0,1.0
Armenia,2020,429.0,4.0
Asia,1910,0.0,101379.0
Asia,1915,3635000.0,0.0
Asia,1925,2000.0,36.0
Asia,1930,3600000.0,3718000.0
Asia,1935,10030000.0,642933.0
Asia,1940,0.0,990.0
Asia,1945,0.0,59662.0
Asia,1950,12230294.0,48454.0
Asia,1955,363240.0,490286.0
Asia,1960,3320421.0,1532660.0
Asia,1965,34650330.0,10367.0
Asia,1970,70892281.0,35459.0
Asia,1975,130538924.0,29309.0
Asia,1980,161445009.0,21162.0
Asia,1985,272692389.0,21296.0
Asia,1990,563988239.0,21807.0
Asia,1995,845370172.0,31090.0
Asia,2000,544625334.0,16171.0
Asia,2005,350261686.0,20864.0
Asia,2010,427058426.0,23441.0
Asia,2015,207518614.0,13715.0
Asia,2020,145768044.0,18210.0
Asia,2025,10772711.0,1924.0
Australia,1955,15000.0,25.0
Australia,1970,12000.0,53.0
Australia,1975,10000.0,7.0
Australia,1980,0.0,38.0
Australia,1985,0.0,33.0
Australia,1990,27330.0,13.0
Australia,1995,28801.0,25.0
Australia,2000,8691.0,8.0
Australia,2005,26700.0,26.0
Australia,2010,202217.0,39.0
Australia,2015,10780.0,10.0
Australia,2020,274375.0,39.0
Australia,2025,630.0,1.0
Austria,1980,0.0,0.0
Austria,1985,0.0,12.0
Austria,1990,0.0,5.0
Austria,1995,0.0,6.0
Austria,2000,60000.0,9.0
Austria,2005,3220.0,5.0
Austria,2010,200.0,4.0
Austria,2015,0.0,0.0
Austria,2020,0.0,1.0
Azerbaijan,1995,1733800.0,16.0
Azerbaijan,2000,31500.0,0.0
Azerbaijan,2005,5000.0,0.0
Azerbaijan,2010,70000.0,3.0
Bahamas,1985,0.0,0.0
Bahamas,2010,1000.0,0.0
Bangladesh,1960,1000000.0,10030.0
Bangladesh,1965,16389616.0,260.0
Bangladesh,1970,48000000.0,29177.0
Bangladesh,1975,4613650.0,198.0
Bangladesh,1980,47468000.0,2100.0
Bangladesh,1985,75800000.0,4964.0
Bangladesh,1990,21223513.0,823.0
Bangladesh,1995,36942150.0,2121.0
Bangladesh,2000,42300898.0,1075.0
Bangladesh,2005,16348855.0,1329.0
Bangladesh,2010,10744481.0,223.0
Bangladesh,2015,19011926.0,430.0
Bangladesh,2020,25105952.0,519.0
Bangladesh,2025,15350.0,5.0
Barbados,1970,210.0,3.0
Barbados,1980,100.0,0.0
Belarus,1990,40000.0,0.0
Belarus,1995,2000.0,2.0
Belarus,2015,50000.0,0.0
Belarus,2020,420.0,0.0
Belgium,1925,146000.0,0.0
Belgium,1950,350.0,11.0
Belgium,1955,0.0,4.0
Belgium,1970,600.0,0.0
Belgium,1990,3250.0,1.0
Belgium,1995,140.0,1.0
Belgium,2000,2400.0,0.0
Belgium,2005,210.0,0.0
Belgium,2010,690.0,4.0
Belgium,2015,0.0,3.0
Belgium,2020,104950.0,39.0
Belize,1975,17000.0,0.0
Belize,1990,0.0,0.0
Belize,1995,2600.0,0.0
Belize,2005,38000.0,1.0
Belize,2015,20000.0,0.0
Benin,1970,0.0,0.0
Benin,1980,580000.0,0.0
Benin,1985,559000.0,61.0
Benin,1990,34000.0,3.0
Benin,1995,800196.0,34.0
Benin,2005,288776.0,35.0
Benin,2010,924575.0,50.0
Benin,2020,149902.0,63.0
Bhutan,1990,600.0,22.0
Bhutan,2000,1000.0,200.0
Bhutan,2020,0.0,10.0
Bolivia,1965,32800.0,78.0
Bolivia,1970,18000.0,31.0
Bolivia,1975,268000.0,50.0
Bolivia,1980,98000.0,250.0
Bolivia,1985,330475.0,54.0
Bolivia,1990,40050.0,4.0
Bolivia,1995,191600.0,56.0
Bolivia,2000,426935.0,221.0
Bolivia,2005,1014119.0,140.0
Bolivia,2010,982553.0,213.0
Bolivia,2015,536368.0,110.0
Bolivia,2020,932200.0,162.0
Bolivia,2025,2965115.0,63.0
Bosnia and Herzegovina,2000,287000.0,0.0
Bosnia and Herzegovina,2005,6830.0,0.0
Bosnia and Herzegovina,2010,1035510.0,29.0
Bosnia and Herzegovina,2015,800.0,1.0
Bosnia and Herzegovina,2020,271000.0,28.0
Bosnia and Herzegovina,2025,3000.0,0.0
Botswana,1970,1000.0,0.0
Botswana,1985,12007.0,8.0
Botswana,1995,5500.0,20.0
Botswana,2000,143736.0,3.0
Botswana,2005,4656.0,0.0
Botswana,2010,4210.0,12.0
Botswana,2015,7475.0,0.0
Botswana,2025,190000.0,9.0
Brazil,1945,0.0,200.0
Brazil,1955,0.0,212.0
Brazil,1960,120000.0,100.0
Brazil,1965,705986.0,1718.0
Brazil,1970,442371.0,636.0
Brazil,1975,2460000.0,506.0
Brazil,1980,4053100.0,570.0
Brazil,1985,4736513.0,1028.0
Brazil,1990,167293.0,151.0
Brazil,1995,150500.0,235.0
Brazil,2000,312781.0,440.0
Brazil,2005,3978391.0,426.0
Brazil,2010,2625100.0,1504.0
Brazil,2015,501178.0,112.0
Brazil,2020,4726471.0,1136.0
Brazil,2025,780.0,0.0
Bulgaria,1995,200.0,1.0
Bulgaria,2000,0.0,1.0
Bulgaria,2005,30510.0,51.0
Bulgaria,2010,47287.0,25.0
Bulgaria,2015,600.0,9.0
Bulgaria,2020,14962.0,4.0
Bulgaria,2025,100.0,4.0
Burkina Faso,1975,900.0,0.0
Burkina Faso,1980,1500.0,0.0
Burkina Faso,1985,33896.0,16.0
Burkina Faso,1990,66500.0,22.0
Burkina Faso,1995,1560.0,6.0
Burkina Faso,2000,12120.0,0.0
Burkina Faso,2005,303023.0,67.0
Burkina Faso,2010,165758.0,36.0
Burkina Faso,2015,64700.0,25.0
Burkina Faso,2020,138136.0,13.0
Burundi,1985,3600.0,12.0
Burundi,2000,18500.0,0.0
Burundi,2005,56781.0,36.0
Burundi,2010,15357.0,96.0
Burundi,2015,55908.0,76.0
Burundi,2020,335704.0,53.0
Cambodia,1990,929000.0,606.0
Cambodia,1995,1960379.0,66.0
Cambodia,2000,6587235.0,432.0
Cambodia,2005,57000.0,23.0
Cambodia,2010,3741973.0,514.0
Cambodia,2015,462817.0,12.0
Cambodia,2020,180995.0,15.0
Cameroon,1985,1000.0,2.0
Cameroon,1990,200.0,8.0
Cameroon,1995,1000.0,24.0
Cameroon,2000,2000.0,33.0
Cameroon,2005,35296.0,19.0
Cameroon,2010,305880.0,38.0
Cameroon,2015,42890.0,7.0
Cameroon,2020,772765.0,42.0
Canada,1950,107000.0,1.0
Canada,1970,0.0,0.0
Canada,1975,0.0,0.0
Canada,1980,0.0,0.0
Canada,1985,4500.0,3.0
Canada,1990,200.0,8.0
Canada,1995,49700.0,17.0
Canada,2000,3470.0,4.0
Canada,2005,12600.0,5.0
Canada,2010,110404.0,9.0
Canada,2015,42913.0,3.0
Canada,2020,31386.0,11.0
Cape Verde,2005,150.0,3.0
Cape Verde,2020,25000.0,1.0
Cape Verde,2025,119000.0,17.0
Central African Republic,1970,13000.0,0.0
Central African Republic,1995,76533.0,7.0
Central African Republic,2000,12942.0,3.0
Central African Republic,2005,43412.0,3.0
Central African Republic,2010,37513.0,3.0
Central African Republic,2015,48418.0,0.0
Central African Republic,2020,124660.0,16.0
Central African Republic,2025,2500.0,0.0
Chad,1985,47998.0,43.0
Chad,1990,14.0,39.0
Chad,1995,255192.0,2.0
Chad,2000,175763.0,100.0
Chad,2005,200365.0,73.0
Chad,2010,758210.0,44.0
Chad,2015,423.0,0.0
Chad,2020,3352017.0,634.0
Chile,1965,375000.0,600.0
Chile,1970,40000.0,32.0
Chile,1975,6000.0,4.0
Chile,1980,8000.0,0.0
Chile,1985,251482.0,171.0
Chile,1990,5776.0,109.0
Chile,1995,76800.0,50.0
Chile,2000,433868.0,38.0
Chile,2005,241965.0,32.0
Chile,2010,16855.0,0.0
Chile,2015,201921.0,205.0
Chile,2020,60676.0,8.0
China,1910,0.0,100000.0
China,1915,3635000.0,0.0
China,1930,3600000.0,3718000.0
China,1935,10030000.0,642000.0
China,1945,0.0,57330.0
China,1950,10000000.0,37300.0
China,1955,0.0,485686.0
China,1960,0.0,1517061.0
China,1965,0.0,0.0
China,1975,11000000.0,20000.0
China,1980,4138383.0,9196.0
China,1985,136414234.0,4991.0
China,1990,364772752.0,5691.0
China,1995,638844940.0,12234.0
China,2000,315009267.0,3156.0
China,2005,213250627.0,2579.0
China,2010,297811666.0,4271.0
China,2015,83601640.0,1956.0
China,2020,33403065.0,1231.0
China,2025,300181.0,157.0
Colombia,1955,0.0,184.0
Colombia,1960,0.0,135.0
Colombia,1965,70000.0,0.0
Colombia,1970,5114172.0,467.0
Colombia,1975,102000.0,109.0
Colombia,1980,1940050.0,330.0
Colombia,1985,381650.0,170.0
Colombia,1990,118877.0,110.0
Colombia,1995,432590.0,124.0
Colombia,2000,780772.0,373.0
Colombia,2005,4726159.0,658.0
Colombia,2010,4489596.0,852.0
Colombia,2015,141127.0,123.0
Colombia,2020,384472.0,129.0
Comoros,2005,2500.0,2.0
Comoros,2010,65137.0,4.0
Congo,1990,16500.0,0.0
Congo,1995,62000.0,2.0
Congo,2000,53000.0,0.0
Congo,2005,32000.0,7.0
Congo,2010,9614.0,19.0
Congo,2015,94122.0,0.0
Congo,2020,2236209.0,67.0
Costa Rica,1965,4603.0,7.0
Costa Rica,1970,15240.0,24.0
Costa Rica,1980,1350.0,1.0
Costa Rica,1985,12500.0,7.0
Costa Rica,1990,226028.0,12.0
Costa Rica,1995,29993.0,15.0
Costa Rica,2000,102033.0,13.0
Costa Rica,2005,181996.0,31.0
Costa Rica,2010,59324.0,37.0
Costa Rica,2015,134856.0,1.0
Costa Rica,2020,1298668.0,11.0
Cote d'Ivoire,1985,7000.0,0.0
Cote d'Ivoire,1995,0.0,28.0
Cote d'Ivoire,2005,2450.0,6.0
Cote d'Ivoire,2010,6425.0,64.0
Cote d'Ivoire,2015,39871.0,83.0
Cote d'Ivoire,2020,30476.0,63.0
Croatia,2000,1200.0,0.0
Croatia,2005,250.0,0.0
Croatia,2010,16326.0,3.0
Croatia,2015,1736.0,1.0
Croatia,2020,177.0,0.0
Croatia,2025,0.0,0.0
Cuba,1975,18000.0,7.0
Cuba,1980,164575.0,15.0
Cuba,1985,100512.0,23.0
Cuba,1990,630727.0,62.0
Cuba,1995,79046.0,3.0
Cuba,2000,36275.0,2.0
Cuba,2005,39500.0,2.0
Cuba,2010,3227.0,4.0
Cuba,2015,10089.0,3.0
Cuba,2020,20800.0,9.0
Cyprus,2020,469.0,0.0
Czechia,1995,107547.0,56.0
Czechia,2000,200000.0,21.0
Czechia,2005,19065.0,24.0
Czechia,2010,1308800.0,28.0
Czechia,2020,24.0,10.0
Czechoslovakia,1980,600.0,4.0
Czechoslovakia,1985,0.0,0.0
Democratic Republic of Congo,1990,27550.0,62.0
Democratic Republic of Congo,1995,113506.0,2.0
Democratic Republic of Congo,2000,17047.0,91.0
Democratic Republic of Congo,2005,20072.0,48.0
Democratic Republic of Congo,2010,87785.0,155.0
Democratic Republic of Congo,2015,619349.0,298.0
Democratic Republic of Congo,2020,3025492.0,3491.0
Democratic Republic of Congo,2025,182161.0,351.0
Djibouti,1975,197000.0,0.0
Djibouti,1980,102000.0,25.0
Djibouti,1985,150300.0,10.0
Djibouti,1990,140000.0,145.0
Djibouti,2000,100000.0,51.0
Djibouti,2015,250000.0,11.0
Djibouti,2020,110000.0,8.0
Dominican Republic,1975,1000.0,32.0
Dominican Republic,1980,150000.0,20.0
Dominican Republic,1985,1192045.0,12.0
Dominican Republic,1990,20000.0,40.0
Dominican Republic,1995,1000.0,3.0
Dominican Republic,2000,77215.0,701.0
Dominican Republic,2005,35845.0,22.0
Dominican Republic,2010,61270.0,12.0
Dominican Republic,2015,2823990.0,17.0
Dominican Republic,2020,326786.0,35.0
East Timor,2000,3558.0,4.0
East Timor,2005,947.0,1.0
East Timor,2020,9131.0,3.0
Ecuador,1950,0.0,121.0
Ecuador,1965,70500.0,0.0
Ecuador,1970,183000.0,20.0
Ecuador,1980,900000.0,307.0
Ecuador,1985,40000.0,35.0
Ecuador,1990,205000.0,22.0
Ecuador,1995,49007.0,245.0
Ecuador,2000,72100.0,123.0
Ecuador,2005,358599.0,60.0
Ecuador,2010,107967.0,43.0
Ecuador,2015,38140.0,35.0
Ecuador,2020,252581.0,118.0
Egypt,1950,0.0,0.0
Egypt,1975,66000.0,65.0
Egypt,1990,160868.0,601.0
Egypt,1995,3260.0,23.0
Egypt,2000,870.0,18.0
Egypt,2010,3500.0,27.0
Egypt,2020,26635.0,43.0
El Salvador,1980,68000.0,500.0
El Salvador,1985,39060.0,43.0
El Salvador,1990,8000.0,2.0
El Salvador,1995,6950.0,15.0
El Salvador,2000,1500.0,3.0
El Salvador,2005,5832.0,80.0
El Salvador,2010,300000.0,35.0
El Salvador,2015,7099.0,5.0
El Salvador,2020,300.0,5.0
Equatorial Guinea,2025,23155.0,0.0
Eritrea,2000,7013.0,0.0
Eswatini,2000,272000.0,0.0
Eswatini,2005,2500.0,0.0
Eswatini,2010,400.0,11.0
Ethiopia,1965,16000.0,1.0
Ethiopia,1975,87000.0,16.0
Ethiopia,1980,20000.0,0.0
Ethiopia,1985,75240.0,54.0
Ethiopia,1990,427814.0,6.0
Ethiopia,1995,421152.0,441.0
Ethiopia,2000,183500.0,215.0
Ethiopia,2005,1038390.0,1224.0
Ethiopia,2010,172400.0,19.0
Ethiopia,2015,903680.0,128.0
Ethiopia,2020,3416233.0,184.0
Europe,1905,6000.0,153.0
Europe,1910,200000.0,16.0
Europe,1915,0.0,15.0
Europe,1920,0.0,38.0
Europe,1925,146000.0,1013.0
Europe,1930,104200.0,285.0
Europe,1935,800.0,14.0
Europe,1940,15000.0,147.0
Europe,1945,400000.0,15.0
Europe,1950,482410.0,2342.0
Europe,1955,30100.0,125.0
Europe,1960,260000.0,832.0
Europe,1965,1400600.0,620.0
Europe,1970,1561005.0,852.0
Europe,1975,1112708.0,245.0
Europe,1980,1015447.0,244.0
Europe,1985,144110.0,546.0
Europe,1990,1507264.0,536.0
Europe,1995,3083620.0,463.0
Europe,2000,2570402.0,579.0
Europe,2005,1061693.0,403.0
Europe,2010,3812611.0,645.0
Europe,2015,481291.0,270.0
Europe,2020,2191621.0,654.0
Europe,2025,7860.0,16.0
European Union (27),1905,6000.0,153.0
European Union (27),1910,200000.0,16.0
European Union (27),1915,0.0,15.0
European Union (27),1920,0.0,15.0
European Union (27),1925,146000.0,1013.0
European Union (27),1930,104200.0,285.0
European Union (27),1935,800.0,14.0
European Union (27),1940,15000.0,147.0
European Union (27),1950,481750.0,2308.0
European Union (27),1955,30100.0,125.0
European Union (27),1960,20000.0,815.0
European Union (27),1965,1305600.0,617.0
European Union (27),1970,1561005.0,852.0
European Union (27),1975,1079708.0,211.0
European Union (27),1980,978249.0,176.0
European Union (27),1985,85830.0,410.0
European Union (27),1990,170790.0,252.0
European Union (27),1995,811285.0,390.0
European Union (27),2000,899601.0,302.0
European Union (27),2005,322864.0,296.0
European Union (27),2010,2442465.0,324.0
European Union (27),2015,54505.0,161.0
European Union (27),2020,1761835.0,607.0
European Union (27),2025,2850.0,7.0
Fiji,1960,18000.0,1.0
Fiji,1985,215000.0,29.0
Fiji,2000,600.0,0.0
Fiji,2005,11680.0,22.0
Fiji,2010,19545.0,15.0
Finland,2005,400.0,0.0
France,1910,200000.0,16.0
France,1930,16200.0,230.0
France,1940,9000.0,57.0
France,1955,6900.0,35.0
France,1975,26002.0,39.0
France,1980,6325.0,24.0
France,1985,45000.0,35.0
France,1990,14210.0,23.0
France,1995,5485.0,40.0
France,2000,68194.0,43.0
France,2005,4000.0,3.0
France,2010,22450.0,48.0
France,2015,26352.0,48.0
France,2020,15838.0,6.0
French Guiana,1995,70000.0,0.0
French Guiana,2020,139.0,0.0
French Polynesia,2015,5004.0,0.0
Gabon,1985,10000.0,0.0
Gabon,2010,77845.0,1.0
Gabon,2020,13400.0,0.0
Gambia,1995,36000.0,53.0
Gambia,2000,250.0,1.0
Gambia,2005,14958.0,5.0
Gambia,2010,42261.0,11.0
Gambia,2015,20000.0,6.0
Gambia,2020,17201.0,6.0
Gambia,2025,10767.0,8.0
Georgia,1995,800.0,8.0
Georgia,2000,90.0,1.0
Georgia,2005,3100.0,0.0
Georgia,2010,138768.0,12.0
Georgia,2015,16551.0,40.0
Georgia,2020,362113.0,0.0
Germany,1990,100000.0,12.0
Germany,1995,106500.0,8.0
Germany,2000,330108.0,27.0
Germany,2005,1450.0,6.0
Germany,2010,601400.0,17.0
Germany,2015,600.0,8.0
Germany,2020,4407.0,238.0
Ghana,1965,25000.0,0.0
Ghana,1985,2800.0,7.0
Ghana,1990,2000000.0,5.0
Ghana,1995,1024602.0,197.0
Ghana,2000,146225.0,16.0
Ghana,2005,550145.0,96.0
Ghana,2010,136218.0,88.0
Ghana,2015,1131102.0,101.0
Ghana,2020,46640.0,24.0
Greece,1905,6000.0,100.0
Greece,1920,0.0,15.0
Greece,1925,0.0,13.0
Greece,1935,800.0,14.0
Greece,1975,5600.0,42.0
Greece,1990,1000.0,14.0
Greece,1995,900.0,12.0
Greece,2000,8490.0,15.0
Greece,2005,3690.0,3.0
Greece,2010,2670.0,3.0
Greece,2015,6724.0,30.0
Greece,2020,8230.0,25.0
Grenada,1975,0.0,0.0
Guadeloupe,1985,0.0,0.0
Guatemala,1945,0.0,40000.0
Guatemala,1970,1000.0,5.0
Guatemala,1980,20256.0,620.0
Guatemala,1985,12515.0,94.0
Guatemala,1990,600.0,10.0
Guatemala,1995,13458.0,43.0
Guatemala,2000,101726.0,36.0
Guatemala,2005,210196.0,41.0
Guatemala,2010,625598.0,65.0
Guatemala,2015,184640.0,11.0
Guatemala,2020,7940829.0,149.0
Guinea,1980,5000.0,0.0
Guinea,1990,6066.0,0.0
Guinea,2000,220000.0,9.0
Guinea,2005,66085.0,2.0
Guinea,2010,79275.0,8.0
Guinea,2015,32915.0,9.0
Guinea,2020,371813.0,18.0
Guinea-Bissau,2000,1000.0,3.0
Guinea-Bissau,2005,750.0,0.0
Guinea-Bissau,2010,56792.0,2.0
Guyana,1970,21000.0,0.0
Guyana,1985,0.0,0.0
Guyana,1995,38000.0,0.0
Guyana,2005,409774.0,34.0
Guyana,2015,202274.0,0.0
Guyana,2020,35000.0,0.0
Haiti,1955,0.0,50.0
Haiti,1960,0.0,526.0
Haiti,1970,40000.0,78.0
Haiti,1985,181601.0,208.0
Haiti,1990,5000.0,13.0
Haiti,1995,90.0,31.0
Haiti,2000,238293.0,2796.0
Haiti,2005,156450.0,110.0
Haiti,2010,116255.0,140.0
Haiti,2015,194280.0,104.0
Haiti,2020,425353.0,124.0
Haiti,2025,4116.0,1.0
High-income countries,1900,1200.0,250.0
High-income countries,1905,6000.0,225.0
High-income countries,1910,200000.0,1395.0
High-income countries,1915,0.0,15.0
High-income countries,1920,0.0,38.0
High-income countries,1925,146000.0,1259.0
High-income countries,1930,104200.0,285.0
High-income countries,1935,1000800.0,1467.0
High-income countries,1940,15000.0,1137.0
High-income countries,1945,400000.0,2055.0
High-income countries,1950,3312704.0,6917.0
High-income countries,1955,303340.0,1566.0
High-income countries,1960,1330384.0,2062.0
High-income countries,1965,5509069.0,2889.0
High-income countries,1970,2860049.0,2743.0
High-income countries,1975,1274536.0,987.0
High-income countries,1980,1502623.0,895.0
High-income countries,1985,715777.0,1295.0
High-income countries,1990,1539793.0,1031.0
High-income countries,1995,2427510.0,1473.0
High-income countries,2000,3330953.0,955.0
High-income countries,2005,13029900.0,1127.0
High-income countries,2010,3352359.0,967.0
High-income countries,2015,2724378.0,1082.0
High-income countries,2020,4141049.0,1105.0
High-income countries,2025,28597.0,211.0
Honduras,1965,6000.0,0.0
Honduras,1975,55000.0,21.0
Honduras,1980,0.0,0.0
Honduras,1985,46125.0,19.0
Honduras,1990,145947.0,569.0
Honduras,1995,603001.0,55.0
Honduras,2000,5794.0,20.0
Honduras,2005,331157.0,85.0
Honduras,2010,97808.0,159.0
Honduras,2015,504968.0,30.0
Honduras,2020,96157.0,12.0
Honduras,2025,34073.0,16.0
Hong Kong,1960,7135.0,15.0
Hong Kong,1965,13301.0,65.0
Hong Kong,1970,23610.0,138.0
Hong Kong,1975,3853.0,3.0
Hong Kong,1980,796.0,2.0
Hong Kong,1985,3223.0,3.0
Hong Kong,1990,5645.0,6.0
Hong Kong,1995,0.0,80.0
Hong Kong,2020,119.0,0.0
Hong Kong,2025,0.0,0.0
Hungary,1970,0.0,300.0
Hungary,1995,133695.0,10.0
Hungary,2000,13823.0,1.0
Hungary,2005,32000.0,0.0
Hungary,2010,60065.0,1.0
Hungary,2015,2282.0,0.0
Iceland,1985,280.0,0.0
India,1925,2000.0,36.0
India,1950,25000.0,225.0
India,1955,105000.0,963.0
India,1960,932610.0,3899.0
India,1965,10400000.0,6799.0
India,1970,10516000.0,2610.0
India,1975,95055000.0,5773.0
India,1980,100801023.0,5421.0
India,1985,52345000.0,6930.0
India,1990,151898600.0,5265.0
India,1995,127508230.0,7847.0
India,2000,153774886.0,5202.0
India,2005,93633783.0,8464.0
India,2010,28666810.0,8652.0
India,2015,68869060.0,5284.0
India,2020,28468021.0,7668.0
India,2025,1925034.0,368.0
Indonesia,1950,0.0,114.0
Indonesia,1965,878100.0,348.0
Indonesia,1970,0.0,82.0
Indonesia,1975,626470.0,419.0
Indonesia,1980,1171643.0,711.0
Indonesia,1985,321684.0,615.0
Indonesia,1990,1122877.0,550.0
Indonesia,1995,1200671.0,243.0
Indonesia,2000,1604565.0,1315.0
Indonesia,2005,1792244.0,1475.0
Indonesia,2010,1124277.0,680.0
Indonesia,2015,1495716.0,498.0
Indonesia,2020,2819746.0,524.0
Indonesia,2025,128458.0,62.0
Iran,1950,0.0,3009.0
Iran,1955,0.0,1122.0
Iran,1965,70.0,92.0
Iran,1980,950200.0,314.0
Iran,1985,340000.0,1220.0
Iran,1990,843742.0,939.0
Iran,1995,93635.0,327.0
Iran,2000,1415847.0,579.0
Iran,2005,9030.0,157.0
Iran,2010,441000.0,44.0
Iran,2015,10036767.0,197.0
Iran,2020,700012.0,193.0
Iraq,1950,0.0,0.0
Iraq,1965,410000.0,0.0
Iraq,2005,63510.0,26.0
Iraq,2010,2001.0,21.0
Iraq,2015,95865.0,89.0
Iraq,2020,30220.0,27.0
Iraq,2025,30000.0,0.0
Ireland,1985,0.0,0.0
Ireland,1990,3500.0,3.0
Ireland,2000,300.0,0.0
Ireland,2005,6800.0,0.0
Ireland,2010,600.0,2.0
Ireland,2015,600.0,0.0
Israel,1995,1000.0,15.0
Israel,2010,0.0,2.0
Israel,2015,0.0,12.0
Israel,2020,0.0,7.0
Italy,1950,181400.0,270.0
Italy,1965,1304500.0,155.0
Italy,1970,1301650.0,37.0
Italy,1975,1000.0,23.0
Italy,1985,30.0,331.0
Italy,1990,20830.0,73.0
Italy,1995,500.0,19.0
Italy,2000,61692.0,49.0
Italy,2005,5440.0,44.0
Italy,2010,32691.0,50.0
Italy,2015,3173.0,16.0
Italy,2020,47493.0,34.0
Italy,2025,250.0,0.0
Jamaica,1900,0.0,300.0
Jamaica,1930,0.0,53.0
Jamaica,1935,0.0,111.0
Jamaica,1940,2000.0,125.0
Jamaica,1975,250000.0,44.0
Jamaica,1985,66000.0,63.0
Jamaica,1990,555712.0,24.0
Jamaica,2000,25000.0,9.0
Jamaica,2005,5000.0,1.0
Japan,1910,0.0,1379.0
Japan,1935,0.0,933.0
Japan,1940,0.0,990.0
Japan,1945,0.0,2000.0
Japan,1950,2205294.0,4500.0
Japan,1955,258240.0,1033.0
Japan,1960,1302249.0,564.0
Japan,1965,3000151.0,631.0
Japan,1970,0.0,458.0
Japan,1975,43050.0,36.0
Japan,1980,27347.0,365.0
Japan,1985,162000.0,51.0
Japan,1990,5388.0,27.0
Japan,1995,60172.0,76.0
Japan,2000,389159.0,64.0
Japan,2005,71435.0,49.0
Japan,2010,53768.0,51.0
Japan,2015,1555264.0,324.0
Japan,2020,295753.0,108.0
Japan,2025,2108.0,5.0
Jordan,1960,0.0,25.0
Jordan,1965,6292.0,267.0
Jordan,1985,29.0,9.0
Jordan,1990,18000.0,8.0
Jordan,1995,0.0,2.0
Jordan,2015,64.0,34.0
Kazakhstan,1990,30000.0,10.0
Kazakhstan,2000,6168.0,0.0
Kazakhstan,2005,38000.0,1.0
Kazakhstan,2010,57309.0,51.0
Kazakhstan,2015,20070.0,2.0
Kazakhstan,2020,153000.0,2.0
Kenya,1960,15000.0,0.0
Kenya,1965,0.0,0.0
Kenya,1975,36000.0,100.0
Kenya,1980,3000.0,75.0
Kenya,1990,0.0,44.0
Kenya,1995,901200.0,126.0
Kenya,2000,247308.0,179.0
Kenya,2005,1005979.0,344.0
Kenya,2010,763136.0,452.0
Kenya,2015,725826.0,430.0
Kenya,2020,2293496.0,897.0
Kiribati,2005,85.0,0.0
Kiribati,2010,220.0,0.0
Kuwait,1995,200.0,2.0
Kuwait,2015,0.0,1.0
Kyrgyzstan,1995,7728.0,1.0
Kyrgyzstan,2005,2895.0,3.0
Kyrgyzstan,2010,11000.0,0.0
Kyrgyzstan,2020,107401.0,6.0
Laos,1965,81600.0,302.0
Laos,1970,115000.0,14.0
Laos,1975,459000.0,31.0
Laos,1980,2000.0,14.0
Laos,1990,522150.0,10.0
Laos,1995,1011400.0,30.0
Laos,2000,1053000.0,17.0
Laos,2005,204190.0,16.0
Laos,2010,1042003.0,71.0
Laos,2015,594868.0,164.0
Laos,2020,338524.0,8.0
Laos,2025,172010.0,13.0
Latvia,2020,200.0,0.0
Lebanon,1955,0.0,440.0
Lebanon,1985,1500.0,0.0
Lebanon,2000,17000.0,0.0
Lesotho,1985,180000.0,18.0
Lesotho,1990,0.0,22.0
Lesotho,2010,5000.0,26.0
Liberia,1995,5000.0,10.0
Liberia,2005,17924.0,3.0
Liberia,2010,15486.0,1.0
Liberia,2015,15431.0,0.0
Liberia,2020,51000.0,2.0
Libya,1995,0.0,0.0
Libya,2010,2000.0,16.0
Libya,2015,20030.0,4.0
Libya,2020,3335.0,5.0
Lithuania,2005,0.0,0.0
Lithuania,2010,0.0,4.0
Low-income countries,1955,0.0,51.0
Low-income countries,1960,0.0,307.0
Low-income countries,1965,109500.0,1.0
Low-income countries,1970,2884000.0,650.0
Low-income countries,1975,1459584.0,562.0
Low-income countries,1980,719500.0,5.0
Low-income countries,1985,3676341.0,679.0
Low-income countries,1990,948235.0,2614.0
Low-income countries,1995,15117630.0,4241.0
Low-income countries,2000,8679064.0,2098.0
Low-income countries,2005,6948409.0,4556.0
Low-income countries,2010,7021750.0,2472.0
Low-income countries,2015,10479647.0,3391.0
Low-income countries,2020,29131316.0,9356.0
Low-income countries,2025,974535.0,580.0
Lower-middle-income countries,1925,2000.0,36.0
Lower-middle-income countries,1950,25000.0,3692.0
Lower-middle-income countries,1955,105000.0,1898.0
Lower-middle-income countries,1960,2091947.0,15539.0
Lower-middle-income countries,1965,29067199.0,8872.0
Lower-middle-income countries,1970,69469154.0,33958.0
Lower-middle-income countries,1975,114175316.0,8195.0
Lower-middle-income countries,1980,152838083.0,10199.0
Lower-middle-income countries,1985,136221798.0,13696.0
Lower-middle-income countries,1990,199645498.0,14028.0
Lower-middle-income countries,1995,188027925.0,17825.0
Lower-middle-income countries,2000,221566827.0,13975.0
Lower-middle-income countries,2005,135188096.0,15074.0
Lower-middle-income countries,2010,116820235.0,18283.0
Lower-middle-income countries,2015,110123956.0,10808.0
Lower-middle-income countries,2020,117257561.0,16501.0
Lower-middle-income countries,2025,12214220.0,1877.0
Luxembourg,1980,0.0,0.0
Luxembourg,1990,0.0,0.0
Luxembourg,2020,0.0,0.0
Madagascar,1985,28223.0,0.0
Madagascar,1995,20000.0,0.0
Madagascar,2000,23370.0,16.0
Madagascar,2005,92617.0,36.0
Madagascar,2015,24000.0,35.0
Madagascar,2020,170360.0,75.0
Madagascar,2025,3688.0,11.0
Malawi,1965,3500.0,0.0
Malawi,1975,20000.0,0.0
Malawi,1980,6000.0,0.0
Malawi,1985,100000.0,13.0
Malawi,1990,150000.0,472.0
Malawi,1995,418300.0,5.0
Malawi,2000,944590.0,80.0
Malawi,2005,278845.0,11.0
Malawi,2010,228612.0,11.0
Malawi,2015,1698625.0,355.0
Malawi,2020,159267.0,80.0
Malawi,2025,181270.0,39.0
Malaysia,1965,440000.0,56.0
Malaysia,1970,243000.0,61.0
Malaysia,1975,3000.0,0.0
Malaysia,1980,15000.0,10.0
Malaysia,1985,87576.0,41.0
Malaysia,1990,25000.0,30.0
Malaysia,1995,4918.0,1.0
Malaysia,2000,91038.0,47.0
Malaysia,2005,322526.0,65.0
Malaysia,2010,325000.0,23.0
Malaysia,2015,96199.0,14.0
Malaysia,2020,361336.0,102.0
Malaysia,2025,20440.0,18.0
Maldives,1985,300.0,0.0
Maldives,2005,1649.0,0.0
Maldives,2015,1800.0,0.0
Mali,1985,24635.0,18.0
Mali,1995,8634.0,5.0
Mali,2000,36019.0,19.0
Mali,2005,114624.0,44.0
Mali,2010,93415.0,38.0
Mali,2015,31631.0,33.0
Mali,2020,459166.0,102.0
Marshall Islands,2005,600.0,0.0
Marshall Islands,2010,360.0,0.0
Mauritania,1980,3000.0,0.0
Mauritania,1985,6900.0,0.0
Mauritania,1995,24400.0,0.0
Mauritania,2000,51500.0,34.0
Mauritania,2005,82239.0,11.0
Mauritania,2010,15280.0,8.0
Mauritania,2015,33600.0,3.0
Mauritania,2020,56108.0,24.0
Mauritius,2010,82.0,11.0
Mexico,1950,0.0,140.0
Mexico,1955,0.0,2000.0
Mexico,1965,8345.0,27.0
Mexico,1970,250097.0,202.0
Mexico,1975,67000.0,6.0
Mexico,1980,125200.0,129.0
Mexico,1985,212.0,76.0
Mexico,1990,323190.0,133.0
Mexico,1995,657360.0,1086.0
Mexico,2000,66940.0,241.0
Mexico,2005,1829184.0,103.0
Mexico,2010,1500000.0,156.0
Mexico,2015,60562.0,59.0
Mexico,2020,110770.0,84.0
Mexico,2025,211779.0,108.0
Micronesia (country),2005,0.0,0.0
Moldova,1990,25000.0,47.0
Moldova,1995,3957.0,9.0
Moldova,2000,500.0,1.0
Moldova,2005,10500.0,3.0
Moldova,2010,12000.0,1.0
Mongolia,1965,270000.0,57.0
Mongolia,1980,0.0,0.0
Mongolia,1990,0.0,5.0
Mongolia,1995,0.0,41.0
Mongolia,2000,1650.0,15.0
Mongolia,2005,15000.0,26.0
Mongolia,2015,8801.0,12.0
Mongolia,2020,327698.0,14.0
Montenegro,2005,1538.0,0.0
Montenegro,2010,6998.0,0.0
Morocco,1950,0.0,161.0
Morocco,1960,35010.0,245.0
Morocco,1965,47813.0,75.0
Morocco,1970,266444.0,11.0
Morocco,1975,56292.0,26.0
Morocco,1995,98000.0,876.0
Morocco,2000,26267.0,136.0
Morocco,2005,31620.0,76.0
Morocco,2010,77009.0,53.0
Morocco,2015,229.0,24.0
Morocco,2020,1553.0,46.0
Mozambique,1965,50000.0,0.0
Mozambique,1970,500000.0,500.0
Mozambique,1975,715000.0,341.0
Mozambique,1980,500000.0,0.0
Mozambique,1985,500000.0,10.0
Mozambique,1995,470000.0,58.0
Mozambique,2000,5764829.0,917.0
Mozambique,2005,460297.0,95.0
Mozambique,2010,397232.0,157.0
Mozambique,2015,499763.0,267.0
Mozambique,2020,380172.0,149.0
Myanmar,1965,0.0,34.0
Myanmar,1970,1400000.0,90.0
Myanmar,1975,213000.0,3.0
Myanmar,1990,364601.0,28.0
Myanmar,1995,219363.0,141.0
Myanmar,2000,53750.0,72.0
Myanmar,2005,176664.0,30.0
Myanmar,2010,234034.0,160.0
Myanmar,2015,2761055.0,344.0
Myanmar,2020,332127.0,10.0
Myanmar,2025,35580.0,6.0
Namibia,2000,42000.0,2.0
Namibia,2005,432300.0,146.0
Namibia,2010,625150.0,116.0
Namibia,2015,2502.0,0.0
Namibia,2020,3591.0,0.0
Namibia,2025,0.0,16.0
Nepal,1950,0.0,60.0
Nepal,1965,1000.0,276.0
Nepal,1970,20000.0,350.0
Nepal,1975,27748.0,130.0
Nepal,1980,210050.0,1228.0
Nepal,1985,413557.0,283.0
Nepal,1990,556250.0,1129.0
Nepal,1995,253450.0,1408.0
Nepal,2000,909339.0,568.0
Nepal,2005,1180095.0,497.0
Nepal,2010,213980.0,839.0
Nepal,2015,1810655.0,484.0
Nepal,2020,2722047.0,1174.0
Nepal,2025,20342.0,57.0
Netherlands,1915,0.0,15.0
Netherlands,1950,300000.0,2000.0
Netherlands,1990,13000.0,1.0
Netherlands,1995,2000.0,0.0
Netherlands,2020,0.0,0.0
New Zealand,1935,0.0,21.0
New Zealand,1975,2975.0,0.0
New Zealand,1980,12095.0,0.0
New Zealand,1985,4912.0,6.0
New Zealand,1990,285.0,0.0
New Zealand,1995,750.0,0.0
New Zealand,2000,5650.0,4.0
New Zealand,2005,1600.0,0.0
New Zealand,2015,3100.0,1.0
New Zealand,2020,9230.0,4.0
Nicaragua,1960,0.0,325.0
Nicaragua,1965,1560.0,0.0
Nicaragua,1975,38000.0,16.0
Nicaragua,1980,40000.0,0.0
Nicaragua,1990,106411.0,4.0
Nicaragua,1995,107105.0,11.0
Nicaragua,2000,19046.0,0.0
Nicaragua,2005,45073.0,27.0
Nicaragua,2010,322872.0,119.0
Nicaragua,2015,30465.0,13.0
Niger,1970,16000.0,0.0
Niger,1985,80000.0,20.0
Niger,1990,61992.0,60.0
Niger,1995,44395.0,14.0
Niger,2000,54159.0,13.0
Niger,2005,214875.0,21.0
Niger,2010,1151960.0,180.0
Niger,2015,776284.0,248.0
Niger,2020,2807264.0,777.0
Nigeria,1985,306000.0,130.0
Nigeria,1990,580000.0,30.0
Nigeria,1995,224000.0,104.0
Nigeria,2000,335517.0,314.0
Nigeria,2005,222004.0,222.0
Nigeria,2010,8623488.0,611.0
Nigeria,2015,2132264.0,415.0
Nigeria,2020,4827360.0,1429.0
Nigeria,2025,14501.0,259.0
North America,1900,1200.0,550.0
North America,1905,0.0,72.0
North America,1925,0.0,246.0
North America,1930,0.0,53.0
North America,1935,1000000.0,610.0
North America,1940,2000.0,125.0
North America,1945,0.0,40055.0
North America,1950,625000.0,215.0
North America,1955,0.0,2124.0
North America,1960,0.0,960.0
North America,1965,23108.0,169.0
North America,1970,358192.0,720.0
North America,1975,450950.0,456.0
North America,1980,692981.0,1401.0
North America,1985,1669772.0,1075.0
North America,1990,2104006.0,1103.0
North America,1995,2138787.0,1467.0
North America,2000,924936.0,3922.0
North America,2005,14076213.0,780.0
North America,2010,3458109.0,857.0
North America,2015,4330978.0,445.0
North America,2020,10411680.0,573.0
North America,2025,251425.0,285.0
North Korea,1985,20071.0,315.0
North Korea,1995,9551307.0,276.0
North Korea,2000,445732.0,148.0
North Korea,2005,1278640.0,1081.0
North Korea,2010,1048657.0,203.0
North Korea,2015,1252524.0,733.0
North Korea,2020,94200.0,22.0
North Macedonia,1995,1500.0,0.0
North Macedonia,2000,106400.0,2.0
North Macedonia,2005,3500.0,0.0
North Macedonia,2010,4864.0,1.0
North Macedonia,2015,138612.0,29.0
Norway,1995,4000.0,1.0
Norway,2000,2100.0,0.0
Norway,2005,200.0,1.0
Norway,2010,500.0,0.0
Oceania,1935,0.0,21.0
Oceania,1955,15000.0,25.0
Oceania,1960,18000.0,1.0
Oceania,1970,12000.0,53.0
Oceania,1975,12975.0,7.0
Oceania,1980,25095.0,94.0
Oceania,1985,219912.0,68.0
Oceania,1990,171615.0,13.0
Oceania,1995,67551.0,27.0
Oceania,2000,27945.0,18.0
Oceania,2005,138808.0,71.0
Oceania,2010,567422.0,108.0
Oceania,2015,45834.0,13.0
Oceania,2020,344505.0,62.0
Oceania,2025,630.0,1.0
Oman,2015,200.0,11.0
Oman,2020,1491.0,30.0
Pakistan,1950,0.0,3246.0
Pakistan,1955,0.0,445.0
Pakistan,1960,74427.0,0.0
Pakistan,1965,150000.0,32.0
Pakistan,1970,4800000.0,474.0
Pakistan,1975,8837200.0,1592.0
Pakistan,1980,162500.0,303.0
Pakistan,1985,1142400.0,216.0
Pakistan,1990,13941179.0,1801.0
Pakistan,1995,4207427.0,2379.0
Pakistan,2000,1670432.0,518.0
Pakistan,2005,7903718.0,1747.0
Pakistan,2010,34843270.0,3663.0
Pakistan,2015,1657166.0,1182.0
Pakistan,2020,35248211.0,3209.0
Pakistan,2025,6901067.0,1037.0
Palestine,2010,14500.0,5.0
Panama,1965,2600.0,20.0
Panama,1970,48645.0,55.0
Panama,1975,2000.0,19.0
Panama,1980,1000.0,1.0
Panama,1985,6000.0,2.0
Panama,1990,20061.0,12.0
Panama,1995,1395.0,2.0
Panama,2000,52023.0,22.0
Panama,2005,41644.0,44.0
Panama,2010,46505.0,30.0
Panama,2015,3500.0,0.0
Panama,2020,30490.0,12.0
Papua New Guinea,1980,13000.0,56.0
Papua New Guinea,1990,144000.0,0.0
Papua New Guinea,1995,38000.0,2.0
Papua New Guinea,2000,10000.0,0.0
Papua New Guinea,2005,90193.0,2.0
Papua New Guinea,2010,262000.0,5.0
Papua New Guinea,2015,26950.0,2.0
Papua New Guinea,2020,60900.0,19.0
Paraguay,1965,32390.0,6.0
Paraguay,1970,27000.0,0.0
Paraguay,1975,190000.0,0.0
Paraguay,1980,185000.0,76.0
Paraguay,1985,45000.0,0.0
Paraguay,1990,80575.0,0.0
Paraguay,1995,350000.0,55.0
Paraguay,2000,2765.0,0.0
Paraguay,2005,12035.0,0.0
Paraguay,2010,373705.0,0.0
Paraguay,2015,707647.0,52.0
Paraguay,2020,52675.0,16.0
Peru,1965,50300.0,85.0
Peru,1970,466050.0,253.0
Peru,1975,22940.0,23.0
Peru,1980,96000.0,472.0
Peru,1985,229019.0,311.0
Peru,1990,352730.0,226.0
Peru,1995,491200.0,74.0
Peru,2000,150190.0,82.0
Peru,2005,573592.0,97.0
Peru,2010,1381600.0,327.0
Peru,2015,2379230.0,278.0
Peru,2020,572332.0,135.0
Peru,2025,65116.0,7.0
Philippines,1965,0.0,29.0
Philippines,1970,3977470.0,750.0
Philippines,1975,41776.0,95.0
Philippines,1980,634510.0,368.0
Philippines,1985,313570.0,126.0
Philippines,1990,2927058.0,440.0
Philippines,1995,2435201.0,658.0
Philippines,2000,437704.0,237.0
Philippines,2005,3698467.0,252.0
Philippines,2010,14325859.0,551.0
Philippines,2015,4861407.0,131.0
Philippines,2020,5723951.0,170.0
Philippines,2025,123192.0,7.0
Poland,1930,88000.0,55.0
Poland,1975,1000.0,0.0
Poland,1980,120824.0,1.0
Poland,1985,6000.0,0.0
Poland,1995,225700.0,64.0
Poland,2000,15600.0,28.0
Poland,2005,5970.0,4.0
Poland,2010,282400.0,28.0
Poland,2015,3.0,2.0
Poland,2020,5200.0,0.0
Portugal,1965,1100.0,462.0
Portugal,1975,45220.0,23.0
Portugal,1980,2900.0,49.0
Portugal,1995,3050.0,11.0
Portugal,2000,1271.0,7.0
Portugal,2005,477.0,5.0
Portugal,2010,618.0,43.0
Puerto Rico,1970,0.0,60.0
Puerto Rico,1985,0.0,500.0
Puerto Rico,1990,600.0,18.0
Puerto Rico,2000,11885.0,4.0
Puerto Rico,2010,0.0,1.0
Puerto Rico,2015,400.0,0.0
Puerto Rico,2020,0.0,0.0
Qatar,2015,1500.0,0.0
Romania,1925,0.0,1000.0
Romania,1970,238755.0,215.0
Romania,1975,1000000.0,60.0
Romania,1980,2000.0,0.0
Romania,1990,15000.0,110.0
Romania,1995,162353.0,87.0
Romania,2000,126413.0,44.0
Romania,2005,192393.0,142.0
Romania,2010,21663.0,37.0
Romania,2015,6762.0,8.0
Romania,2020,1650.0,4.0
Romania,2025,2500.0,3.0
Russia,1990,812386.0,184.0
Russia,1995,425800.0,20.0
Russia,2000,843539.0,258.0
Russia,2005,30765.0,22.0
Russia,2010,169620.0,212.0
Russia,2015,94096.0,70.0
Russia,2020,67788.0,12.0
Rwanda,1970,1900000.0,0.0
Rwanda,1985,21678.0,48.0
Rwanda,2000,30016.0,81.0
Rwanda,2005,15846.0,30.0
Rwanda,2010,14768.0,19.0
Rwanda,2015,35800.0,155.0
Rwanda,2020,82264.0,285.0
Saint Kitts and Nevis,1985,0.0,0.0
Saint Lucia,2010,21984.0,6.0
Saint Lucia,2020,5500.0,0.0
Saint Vincent and the Grenadines,1975,0.0,0.0
Saint Vincent and the Grenadines,1985,1152.0,0.0
Saint Vincent and the Grenadines,1990,200.0,3.0
Saint Vincent and the Grenadines,2010,17697.0,12.0
Saint Vincent and the Grenadines,2015,25000.0,0.0
Samoa,2000,0.0,0.0
Sao Tome and Principe,2020,219668.0,8.0
Saudi Arabia,1960,1000.0,20.0
Saudi Arabia,1985,5000.0,32.0
Saudi Arabia,2000,13480.0,36.0
Saudi Arabia,2005,10067.0,224.0
Saudi Arabia,2010,1106.0,93.0
Saudi Arabia,2015,2814.0,68.0
Saudi Arabia,2020,600.0,3.0
Senegal,1965,2000.0,0.0
Senegal,1975,0.0,0.0
Senegal,1980,5000.0,0.0
Senegal,1985,13000.0,0.0
Senegal,1990,22500.0,0.0
Senegal,1995,300000.0,0.0
Senegal,2000,186769.0,36.0
Senegal,2005,342900.0,15.0
Senegal,2010,328042.0,29.0
Senegal,2015,19614.0,11.0
Senegal,2020,92610.0,11.0
Serbia,2005,15580.0,0.0
Serbia,2010,72900.0,58.0
Serbia,2015,20536.0,1.0
Serbia,2020,32164.0,4.0
Serbia and Montenegro,1990,6000.0,1.0
Serbia and Montenegro,1995,71008.0,11.0
Serbia and Montenegro,2000,14050.0,2.0
Serbia and Montenegro,2005,39990.0,2.0
Seychelles,1995,1237.0,5.0
Seychelles,2010,4435.0,0.0
Sierra Leone,1995,200000.0,12.0
Sierra Leone,2000,0.0,10.0
Sierra Leone,2005,20970.0,123.0
Sierra Leone,2010,234.0,21.0
Sierra Leone,2015,34684.0,17.0
Sierra Leone,2020,36578.0,12.0
Slovakia,1995,57815.0,57.0
Slovakia,2000,230.0,2.0
Slovakia,2005,100.0,2.0
Slovakia,2010,8450.0,8.0
Slovakia,2020,250.0,2.0
Slovenia,2005,0.0,0.0
Slovenia,2010,18400.0,5.0
Slovenia,2020,1501620.0,6.0
Solomon Islands,2005,7000.0,21.0
Solomon Islands,2010,83080.0,49.0
Somalia,1960,0.0,200.0
Somalia,1975,40000.0,0.0
Somalia,1980,30000.0,5.0
Somalia,1985,80000.0,34.0
Somalia,1990,0.0,100.0
Somalia,1995,1240600.0,2334.0
Somalia,2000,381800.0,1.0
Somalia,2005,557782.0,134.0
Somalia,2010,246200.0,49.0
Somalia,2015,2116296.0,31.0
Somalia,2020,5147439.0,231.0
Somalia,2025,129010.0,18.0
South Africa,1955,0.0,51.0
South Africa,1965,0.0,0.0
South Africa,1970,0.0,26.0
South Africa,1975,1000.0,30.0
South Africa,1980,185.0,104.0
South Africa,1985,65000.0,531.0
South Africa,1990,26000.0,12.0
South Africa,1995,14637.0,268.0
South Africa,2000,63868.0,108.0
South Africa,2005,69460.0,37.0
South Africa,2010,332506.0,85.0
South Africa,2015,12200.0,114.0
South Africa,2020,258662.0,722.0
South Africa,2025,1000.0,88.0
South America,1945,0.0,200.0
South America,1950,0.0,121.0
South America,1955,0.0,756.0
South America,1960,120000.0,235.0
South America,1965,1734639.0,2613.0
South America,1970,6311593.0,1475.0
South America,1975,3073040.0,692.0
South America,1980,13450150.0,2046.0
South America,1985,12075148.0,1978.0
South America,1990,1066575.0,714.0
South America,1995,2847000.0,30867.0
South America,2000,2743588.0,1382.0
South America,2005,11776242.0,1579.0
South America,2010,10454047.0,3058.0
South America,2015,5209005.0,951.0
South America,2020,9083518.0,1801.0
South America,2025,3267711.0,195.0
South Korea,1955,0.0,309.0
South Korea,1960,0.0,539.0
South Korea,1965,769751.0,826.0
South Korea,1970,1135339.0,775.0
South Korea,1975,78000.0,342.0
South Korea,1980,351171.0,166.0
South Korea,1985,154000.0,50.0
South Korea,1990,191074.0,186.0
South Korea,1995,211688.0,567.0
South Korea,2000,321787.0,121.0
South Korea,2005,20153.0,77.0
South Korea,2010,29000.0,79.0
South Korea,2020,40452.0,128.0
South Korea,2025,15575.0,31.0
South Sudan,2005,92791.0,17.0
South Sudan,2010,1028000.0,146.0
South Sudan,2015,956800.0,3.0
South Sudan,2020,4277000.0,7.0
Spain,1905,0.0,53.0
Spain,1940,6000.0,90.0
Spain,1950,0.0,27.0
Spain,1955,23200.0,86.0
Spain,1960,20000.0,815.0
Spain,1970,20000.0,300.0
Spain,1975,650.0,24.0
Spain,1980,846200.0,102.0
Spain,1985,34800.0,21.0
Spain,1990,0.0,10.0
Spain,1995,5400.0,18.0
Spain,2000,9880.0,55.0
Spain,2005,16889.0,7.0
Spain,2010,17755.0,14.0
Spain,2015,5673.0,36.0
Spain,2020,42865.0,238.0
Sri Lanka,1965,1399347.0,109.0
Sri Lanka,1975,2000.0,10.0
Sri Lanka,1980,1975000.0,115.0
Sri Lanka,1985,565485.0,368.0
Sri Lanka,1990,2451251.0,83.0
Sri Lanka,1995,874485.0,22.0
Sri Lanka,2000,1795160.0,248.0
Sri Lanka,2005,2040907.0,115.0
Sri Lanka,2010,3636419.0,352.0
Sri Lanka,2015,2211107.0,585.0
Sri Lanka,2020,1286307.0,95.0
Sudan,1975,245000.0,34.0
Sudan,1980,132000.0,0.0
Sudan,1985,2500000.0,96.0
Sudan,1990,7965.0,29.0
Sudan,1995,1501241.0,301.0
Sudan,2000,522056.0,23.0
Sudan,2005,1004570.0,202.0
Sudan,2010,927834.0,186.0
Sudan,2015,735625.0,340.0
Sudan,2020,1844287.0,485.0
Sudan,2025,10000.0,32.0
Suriname,1965,4600.0,0.0
Suriname,2005,31548.0,5.0
Suriname,2020,19100.0,0.0
Sweden,1975,236.0,0.0
Sweden,1985,0.0,11.0
Sweden,2020,13500.0,0.0
Switzerland,1975,0.0,3.0
Switzerland,1980,0.0,0.0
Switzerland,1985,0.0,2.0
Switzerland,1995,0.0,3.0
Switzerland,2005,7501.0,9.0
Switzerland,2020,0.0,0.0
Syria,1965,40000.0,0.0
Syria,1970,205000.0,0.0
Syria,2005,0.0,6.0
Syria,2015,235000.0,2.0
Syria,2020,154554.0,1.0
Taiwan,1975,26000.0,45.0
Taiwan,1980,15.0,31.0
Taiwan,1995,300.0,13.0
Taiwan,2005,3000.0,19.0
Taiwan,2010,35000.0,6.0
Taiwan,2015,4074.0,5.0
Taiwan,2025,5977.0,7.0
Tajikistan,1990,69551.0,1346.0
Tajikistan,1995,231282.0,78.0
Tajikistan,2000,408196.0,38.0
Tajikistan,2005,37421.0,51.0
Tajikistan,2010,29531.0,95.0
Tajikistan,2015,36727.0,14.0
Tajikistan,2020,27740.0,33.0
Tanzania,1960,13900.0,0.0
Tanzania,1965,57000.0,40.0
Tanzania,1970,68000.0,25.0
Tanzania,1975,99000.0,0.0
Tanzania,1980,40000.0,0.0
Tanzania,1985,153556.0,10.0
Tanzania,1990,371691.0,274.0
Tanzania,1995,36582.0,147.0
Tanzania,2000,5217.0,50.0
Tanzania,2005,62121.0,101.0
Tanzania,2010,135388.0,89.0
Tanzania,2015,166148.0,97.0
Tanzania,2020,3169457.0,269.0
Tanzania,2025,3150.0,26.0
Thailand,1965,205200.0,6.0
Thailand,1975,5028493.0,335.0
Thailand,1980,2416171.0,124.0
Thailand,1985,1150260.0,748.0
Thailand,1990,1077176.0,160.0
Thailand,1995,9564746.0,358.0
Thailand,2000,7694660.0,472.0
Thailand,2005,5331775.0,463.0
Thailand,2010,23068850.0,1248.0
Thailand,2015,4757341.0,190.0
Thailand,2020,4233519.0,127.0
Thailand,2025,621568.0,27.0
Togo,1990,11500.0,0.0
Togo,1995,280405.0,3.0
Togo,2005,188145.0,47.0
Togo,2010,111550.0,22.0
Togo,2015,16060.0,0.0
Togo,2020,88296.0,11.0
Trinidad and Tobago,1990,10.0,5.0
Trinidad and Tobago,1995,200.0,0.0
Trinidad and Tobago,2015,150000.0,0.0
Trinidad and Tobago,2020,100000.0,0.0
Tunisia,1960,21000.0,89.0
Tunisia,1965,271269.0,540.0
Tunisia,1970,44240.0,111.0
Tunisia,1975,750.0,0.0
Tunisia,1980,30000.0,117.0
Tunisia,1985,2500.0,23.0
Tunisia,1990,152000.0,37.0
Tunisia,2000,27000.0,8.0
Tunisia,2005,11508.0,33.0
Tunisia,2015,30000.0,6.0
Tunisia,2020,44000.0,10.0
Turkey,1945,0.0,332.0
Turkey,1955,0.0,237.0
Turkey,1960,3000.0,0.0
Turkey,1965,0.0,147.0
Turkey,1970,0.0,33.0
Turkey,1980,60200.0,85.0
Turkey,1985,1500.0,13.0
Turkey,1990,5000.0,111.0
Turkey,1995,1547865.0,155.0
Turkey,2000,56620.0,65.0
Turkey,2005,104332.0,129.0
Turkey,2010,0.0,13.0
Turkey,2015,21790.0,26.0
Turkey,2020,12028.0,137.0
Turkmenistan,1990,420.0,0.0
USSR,1980,3586.0,0.0
USSR,1985,46000.0,127.0
USSR,1990,65488.0,21.0
Uganda,1995,168700.0,100.0
Uganda,2000,33860.0,43.0
Uganda,2005,756765.0,85.0
Uganda,2010,103520.0,40.0
Uganda,2015,88614.0,144.0
Uganda,2020,387752.0,189.0
Ukraine,1990,325000.0,9.0
Ukraine,1995,1734570.0,18.0
Ukraine,2000,300600.0,9.0
Ukraine,2005,238065.0,40.0
Ukraine,2010,42319.0,8.0
Ukraine,2015,200.0,3.0
Ukraine,2020,57850.0,3.0
Ukraine,2025,2010.0,9.0
United Arab Emirates,2015,188.0,0.0
United Arab Emirates,2020,346.0,4.0
United Kingdom,1920,0.0,23.0
United Kingdom,1945,400000.0,0.0
United Kingdom,1950,660.0,34.0
United Kingdom,1975,20000.0,6.0
United Kingdom,1990,6700.0,11.0
United Kingdom,1995,20000.0,5.0
United Kingdom,2000,47228.0,4.0
United Kingdom,2005,379900.0,27.0
United Kingdom,2010,5995.0,12.0
United Kingdom,2015,53100.0,1.0
United Kingdom,2020,480.0,0.0
United States,1900,1200.0,250.0
United States,1905,0.0,72.0
United States,1925,0.0,246.0
United States,1935,1000000.0,499.0
United States,1940,0.0,0.0
United States,1945,0.0,55.0
United States,1950,518000.0,74.0
United States,1955,0.0,74.0
United States,1960,0.0,109.0
United States,1965,0.0,115.0
United States,1970,3000.0,293.0
United States,1975,2950.0,311.0
United States,1980,122500.0,115.0
United States,1985,7550.0,25.0
United States,1990,61320.0,188.0
United States,1995,586889.0,186.0
United States,2000,183736.0,71.0
United States,2005,11143736.0,228.0
United States,2010,174165.0,72.0
United States,2015,138216.0,199.0
United States,2020,24641.0,121.0
United States,2025,1457.0,160.0
Upper-middle-income countries,1900,0.0,300.0
Upper-middle-income countries,1910,0.0,100000.0
Upper-middle-income countries,1915,3635000.0,0.0
Upper-middle-income countries,1925,0.0,3000.0
Upper-middle-income countries,1930,3600000.0,3718053.0
Upper-middle-income countries,1935,10030000.0,642111.0
Upper-middle-income countries,1940,2000.0,125.0
Upper-middle-income countries,1945,0.0,97877.0
Upper-middle-income countries,1950,10000000.0,40709.0
Upper-middle-income countries,1955,0.0,489852.0
Upper-middle-income countries,1960,426400.0,1517314.0
Upper-middle-income countries,1965,3861640.0,2816.0
Upper-middle-income countries,1970,6893690.0,1853.0
Upper-middle-income countries,1975,19853003.0,21533.0
Upper-middle-income countries,1980,22671183.0,13814.0
Upper-middle-income countries,1985,151573248.0,10414.0
Upper-middle-income countries,1990,371000807.0,8554.0
Upper-middle-income countries,1995,657995700.0,45638.0
Upper-middle-income countries,2000,329137677.0,8944.0
Upper-middle-income countries,2005,233578476.0,6885.0
Upper-middle-income countries,2010,336654759.0,9817.0
Upper-middle-income countries,2015,107841184.0,3919.0
Upper-middle-income countries,2020,59434577.0,5063.0
Upper-middle-income countries,2025,1953287.0,633.0
Uruguay,1965,38063.0,8.0
Uruguay,1985,18500.0,0.0
Uruguay,1990,6200.0,0.0
Uruguay,1995,9300.0,1.0
Uruguay,2000,12700.0,0.0
Uruguay,2005,124000.0,3.0
Uruguay,2015,65673.0,10.0
Uruguay,2020,107580.0,0.0
Uzbekistan,2005,1500.0,0.0
Uzbekistan,2020,70225.0,9.0
Vanuatu,2000,3001.0,0.0
Vanuatu,2005,950.0,0.0
Venezuela,1965,23000.0,0.0
Venezuela,1985,20509.0,144.0
Venezuela,1990,0.0,26.0
Venezuela,1995,613003.0,30008.0
Venezuela,2000,87030.0,55.0
Venezuela,2005,47432.0,105.0
Venezuela,2010,109468.0,58.0
Venezuela,2015,57997.0,8.0
Venezuela,2020,1496802.0,94.0
Vietnam,1960,0.0,400.0
Vietnam,1965,195902.0,31.0
Vietnam,1970,204000.0,237.0
Vietnam,1975,4079000.0,74.0
Vietnam,1980,666000.0,127.0
Vietnam,1985,2800000.0,258.0
Vietnam,1990,812512.0,707.0
Vietnam,1995,6590786.0,1309.0
Vietnam,2000,8517115.0,1206.0
Vietnam,2005,2479189.0,794.0
Vietnam,2010,5029958.0,483.0
Vietnam,2015,1787626.0,376.0
Vietnam,2020,574457.0,86.0
Vietnam,2025,690.0,3.0
West Germany,1920,0.0,0.0
West Germany,1925,0.0,0.0
West Germany,1975,1000.0,3.0
West Germany,1980,12.0,12.0
West Germany,1985,3500.0,6.0
World,1900,1200.0,550.0
World,1905,6000.0,225.0
World,1910,200000.0,101395.0
World,1915,3635000.0,15.0
World,1920,0.0,38.0
World,1925,148000.0,4295.0
World,1930,3704200.0,3718338.0
World,1935,11030800.0,643578.0
World,1940,17000.0,1262.0
World,1945,400000.0,99932.0
World,1950,13337704.0,51318.0
World,1955,408340.0,493367.0
World,1960,3848731.0,1535222.0
World,1965,38547408.0,14578.0
World,1970,82109755.0,39264.0
World,1975,136813439.0,31332.0
World,1980,178096401.0,25407.0
World,1985,292680664.0,26153.0
World,1990,573134333.0,26227.0
World,1995,863568765.0,69177.0
World,2000,562714521.0,25972.0
World,2005,388744881.0,27642.0
World,2010,463849103.0,31539.0
World,2015,231169165.0,19200.0
World,2020,209964503.0,32025.0
World,2025,15170639.0,3301.0
Yemen,1990,51500.0,31.0
Yemen,1995,266200.0,415.0
Yemen,2000,700.0,101.0
Yemen,2005,30723.0,235.0
Yemen,2010,50094.0,62.0
Yemen,2015,110258.0,96.0
Yemen,2020,1796325.0,928.0
Yemen,2025,455095.0,82.0
Yemen Arab Republic,1970,2862.0,60.0
Yemen Arab Republic,1975,50000.0,52.0
Yemen Arab Republic,1985,150000.0,38.0
Yemen People's Republic,1970,0.0,0.0
Yemen People's Republic,1980,365000.0,482.0
Yemen People's Republic,1985,340000.0,25.0
Yugoslavia,1960,240000.0,17.0
Yugoslavia,1965,95000.0,3.0
Yugoslavia,1975,12000.0,22.0
Yugoslavia,1980,22000.0,43.0
Yugoslavia,1985,8500.0,1.0
Yugoslavia,1990,20900.0,0.0
Zambia,1975,30900.0,11.0
Zambia,1985,800000.0,0.0
Zambia,1995,1300000.0,0.0
Zambia,2000,837298.0,11.0
Zambia,2005,2187335.0,49.0
Zambia,2010,24375.0,0.0
Zambia,2015,0.0,4.0
Zambia,2020,903962.0,6.0
Zimbabwe,1995,0.0,36.0
Zimbabwe,2000,314000.0,85.0
Zimbabwe,2005,17000.0,27.0
Zimbabwe,2010,12272.0,133.0
Zimbabwe,2015,1050.0,32.0
Zimbabwe,2020,0.0,0.0
