country,period,flood_impact,drought_impact,storms_impact,extreme_temp_impact,climate_impact_index,impact_rebased,hazard_count,total_deaths,total_affected,resilience_rate,resilience_per_100k,economic_damage_pct_gdp,impact_rebased_next,country_mean_impact,impact_lag1,log_total_affected,log_total_death,total_affected_3yr_avg,log_total_affected_3yr_avg,total_death_3yr_avg,log_total_death_3yr_avg,impact_3yr_avg,impact_trend_5yr,absolute_impact_trend,impact_std_5yr,country_long_term_mean,country_recent_deviation,human_burden,persistence,climate_intensity,structural_vulnerability,CLI,predicted_impact_rebased_2026
Afghanistan,2025,-1.7267509401220102,0.0,0.0,0.0,-1.7267509401220102,0.2126183949398319,1.0,39.0,44.0,0.8863636363636364,88636.36363636363,0.0,,2.20866441441021,5.198426417827122,3.8066624897703196,3.6888794541139363,884292.3333333334,13.692544111615735,694.6666666666666,6.544870618409091,0.5883572278845687,-0.34211520723527195,-2.5086509291331094,1.799899804941997,0.26929507934836777,-1.996046019470378,0.4350363148780132,1.3913973594252058,-1.2086929565206632,0.17441220304449992,0.4015047741216585,1.5181387671898845
Albania,2023,0.0,0.0,0.0,2.5189078913167187,2.5189078913167187,4.458277226378561,1.0,363.0,0.0,0.0,0.0,0.0,,2.6859514396851005,4.413865131576245,0.0,5.8971538676367405,28.0,3.367295829986474,238.33333333333334,5.477857280380115,1.1890790063889336,1.2951485933294167,-1.4402341766563358,2.0326511415643616,0.7465821046232589,1.7723257866934596,-0.7101021976216932,1.319196265179287,1.5355998398919741,0.7937418165688557,0.2844621251246568,2.351175285167562
Algeria,2025,-1.841785467516616,0.0,0.0,0.0,-1.841785467516616,0.0975838675452263,1.0,6.0,100.0,0.06,6000.0,0.0,,1.734358904894099,1.2487349697288737,4.61512051684126,1.9459101490553132,4589.333333333333,8.431707922059017,6.333333333333333,1.992430164690206,-1.2882349427794495,-0.1506548715913806,0.2663623687538469,0.4779447701351092,-0.20501043016774298,-1.6367750373488732,-0.5123917322886161,-0.8968161906335945,-1.2830485365145392,-0.44104858332802116,-0.7169620526126896,1.4507492381747975
Angola,2024,0.0,0.7984658446452368,0.0,0.0,0.7984658446452368,2.737835179707079,1.0,0.0,2800000.0,0.0,0.0,0.0,,2.0890922582271987,2.700758817121704,14.845130332288226,0.0,1057938.3333333333,13.87183354886156,28.0,3.367295829986474,0.5608441835888532,0.2532892893592372,0.3983404938068026,0.4253680503253826,0.1497229231653566,0.6487429214798802,0.8186079455606748,0.3996583802875369,0.4235470577973705,0.019254879766233704,0.5746761144984506,1.9934000596085015
Argentina,2025,0.8963513877557033,0.0,-1.3749801300949684,0.0,-0.2393143711696325,1.7000549638922096,2.0,134.0,236700.0,0.0005661174482467,56.611744824672584,0.0,,1.610809779219052,2.6287521887070975,12.374553020250227,4.90527477843843,363708.6666666667,12.804111209303937,49.333333333333336,3.9186675481468147,0.061541002918435374,0.4101018134925333,1.9594293664767426,0.8078066771931337,-0.32855955584278984,0.08924518467315734,0.9877121015474047,0.17528227160994775,-0.24724936829115807,-0.6013664386301405,0.4404525695695016,1.6075149882346664
Armenia,2025,0.0,0.0,0.8691420796686843,0.0,0.8691420796686843,2.8085114147305266,1.0,4.0,20000.0,0.0002,20.0,0.0,,2.23215867839769,1.2845158525307083,9.90353755128617,1.6094379124341003,12809.666666666666,9.4580334362116,2.6666666666666665,1.2992829841302609,0.2931766650484188,-0.005762032992517888,-0.08145012979868252,0.6065119396840991,0.29278934333584805,0.5763527363328362,-0.04650294437099861,-0.26168031118625046,0.46923049359682384,0.20489845694386988,0.0022028697518486386,2.048109311743521
Australia,2025,-1.4814603522059504,0.0,0.3068250488688406,0.0,-0.5873176516685549,1.3520516833932872,2.0,6.0,50630.0,0.0001185068141418,11.850681414181317,0.0,,1.3104262664832027,1.3126558241438877,10.832319315904593,1.9459101490553132,21581.666666666668,9.979645802385742,6.0,1.9459101490553132,-0.7030842187223771,-0.21299381389424066,-0.20587626089337116,0.6845887294097535,-0.6289430685786395,0.04162541691008459,0.1680118973830991,-0.6418999390396839,-0.4721904042334007,-0.9911453242904733,-0.24641212913242885,1.3128364249569557
Austria,2024,0.0,0.0,-0.2885304843711827,2.385307753013946,1.0483886343213815,2.9877579693832237,2.0,1060.0,2220.0,0.4774774774774775,47747.74774774775,0.0,,0.7885785838672115,3.421210951408952,7.7057128238944275,6.966967138613983,744.3333333333334,6.61383154560688,656.6666666666666,6.488698217354505,0.8503547969197184,0.7667989698304698,1.5411425647788852,1.423682357877654,-1.1507907511946305,2.199179385516012,0.4387609628167578,0.7963109628553131,0.5850911993776717,-1.6682970306604503,0.3393921989628129,2.224350959757914
Bangladesh,2025,-1.082851320868667,0.0,-0.7763186278044196,0.0,-0.9295849743365432,1.0097843607252988,2.0,18.0,25454.0,0.0007071580105287,70.71580105287971,0.0,,2.7766253471817635,4.141052272302232,10.144667466336436,2.9444389791664403,17351472.0,16.669187959888863,54.0,4.007333185232471,0.6522993485289841,-0.14030855524098165,-0.6459073567923244,1.1310528285948886,0.8372560121199212,-1.7668409864564643,0.9668221732977553,1.0012370498457748,-0.6934238535840413,0.9114006531029267,0.7208468363830078,1.6399693810733393
Barbados,2024,0.0,0.0,0.7840996677647316,0.0,0.7840996677647316,2.723469002826574,1.0,0.0,2500.0,0.0,0.0,0.0,,2.3189741603743097,1.8793231490911515,7.824445930877619,0.0,1993.0,7.597897950521784,0.0,0.0,0.5326073905199532,0.3303276568721099,0.5192956850890205,0.7931277924789144,0.3796048253124673,0.4044948424522643,-0.6501562775769615,0.06595817517932608,0.41426110306327324,0.31755058460131763,-0.21469437107402645,2.069780063031314
Belarus,2023,-1.295000760525566,0.0,0.0,0.0,-1.295000760525566,0.6443685745362762,1.0,0.0,420.0,0.0,0.0,0.0,,2.021181930145762,2.3433311823446146,6.042632833682381,0.0,33653.0,10.423887198736391,14.333333333333334,2.7300291078209855,0.6016071248124158,-0.7210716070573866,-0.6122423112114029,1.560133130504093,0.08181259508391985,-1.376813355609486,-0.3174563821022056,0.2752915471520894,-0.9296199186819459,-0.06886584218459822,-0.23623487628383216,1.5645463232276595
Belgium,2024,0.0,0.0,0.0,0.5533039827963715,0.5533039827963715,2.4926733178582134,1.0,249.0,0.0,0.0,0.0,0.0,,1.2281239703743534,1.5090543848838298,0.0,5.521460917862246,1000.0,6.90875477931522,337.0,5.823045895483019,-0.005454198304082299,-0.04924209296875352,-0.3525546739243891,0.466577966458847,-0.7112453646874888,1.2645493474838603,-0.40060810463959845,-0.2907793195493619,0.2650802666258904,-1.097941123342215,-0.3430309545474776,1.825498608883103
Belize,2024,0.0,0.0,-0.214649328561047,0.0,-0.214649328561047,1.724720006500795,1.0,0.0,162.0,0.0,0.0,0.0,,4.3762057086654975,3.971574825114967,5.093750200806762,0.0,77437.33333333333,11.257237199680288,0.0,0.0,1.1733566411790224,-0.21305351749179285,-0.6808768764192846,0.8595568547747753,2.4368363736036556,-2.6514857021647025,-0.5682954405146181,1.1393164532796922,-0.23130647192540968,2.9870227308417907,0.26468769535798164,1.7945275851235722
Benin,2024,0.1034063167643416,0.0,0.0,0.0,0.1034063167643416,2.042775651826184,1.0,0.0,34052.0,0.0,0.0,0.0,,2.4691184928442973,2.921445011008946,10.43567341342345,0.0,47634.0,10.77132306414088,19.0,2.995732273553991,0.47602868809445553,0.11391790761833556,0.24233056330338346,0.48221198637653273,0.5297491577824555,-0.42634284101811387,0.12384326087982561,0.4530202132263368,-0.025722874425405773,0.5123784899858259,0.2225561015812687,1.8243318636785129
Bhutan,2021,-0.219982416664507,0.0,0.0,0.0,-0.219982416664507,1.7193869183973352,1.0,10.0,0.0,0.0,0.0,0.0,,3.6274487058358558,3.6274487058358558,0.0,2.3978952727983707,0.0,0.0,11.0,2.4849066497880004,-0.1349514262966586,-2.0751830670064195,-1.381750955863044,4.121105113338973,1.6880793707740138,-1.9080617874385208,-1.5792272388967212,0.49033975661898777,-0.23475365311589635,2.0154325542199647,-0.5006984728390016,1.7930446344641178
Bolivia,2025,2.66593301682029,0.0,0.9037207023522074,0.0,1.7848268595862486,3.7241961946480906,2.0,86.0,3045115.0,2.824195473734161e-05,2.8241954737341612,0.0,,2.6861098366975633,2.171405309885076,14.929049553638624,4.465908118654584,1770369.0,14.386699122252313,40.666666666666664,3.7297014486341915,1.0208214722564524,-0.14581941772036688,0.5532978124052261,0.7064257669635305,0.7467405016357214,1.0380863579505273,1.2970120042993447,0.37241157704742656,1.0611073365274444,0.7939473531858535,0.980169732209231,2.0604829612650013
Bosnia and Herzegovina,2025,-0.2313858431032039,0.0,0.0,0.0,-0.2313858431032039,1.7079834919586383,1.0,0.0,3000.0,0.0,0.0,0.0,,2.093974550045383,4.316102574094302,8.006700845440367,0.0,6006.666666666667,8.700791710324696,312.3333333333333,5.74726758659594,0.5497729963389565,-0.07219023314383652,-0.8334346376813501,1.254598626904513,0.15460521498354035,-0.3859910580867443,-0.030241886467300562,1.0297200923891843,-0.2421245564956982,0.025590161776314707,0.20854941256692253,1.6409960440122204
Botswana,2025,2.0160999177062737,0.0,0.0,0.0,2.0160999177062737,3.955469252768116,1.0,9.0,190000.0,4.736842105263158e-05,4.736842105263158,0.0,,2.5009841387419782,2.668704605706716,12.154784614286667,2.302585092994046,110666.66666666667,11.614286995334268,3.0,1.3862943611198906,0.9763090201204401,0.43471072609461753,0.8789365468523003,0.8005330908590373,0.5616148036801362,1.4544851140261374,0.4107943006034523,0.5502389982312089,1.21059673560571,0.5537274835964279,0.5799191585600276,2.0833346613420938
Brazil,2025,-1.8226615936963864,0.0,-0.958862438313962,0.0,-1.3907620160051744,0.5486073190566678,2.0,9.0,6910.0,0.0013024602026049,130.24602026049203,0.0,,1.491906733439896,1.5536848964196122,8.840869624091395,2.302585092994046,1288339.3333333333,14.068865384697244,151.66666666666666,5.028256895446075,-0.5681821947471155,-0.15828667519801293,-0.8860274431361838,0.5296824218807669,-0.4474626016219459,-0.9432994143832285,0.6560855059639186,-0.4942568298783231,-0.9915177145298203,-0.7556555214872762,-0.019814663815822142,1.2989760854372303
Bulgaria,2025,-1.478407855506087,0.0,0.0,0.0,-1.478407855506087,0.4609614795557548,1.0,4.0,100.0,0.04,4000.0,0.0,,1.1080942239149218,6.180415025577529,4.61512051684126,1.6094379124341003,1378.6666666666667,7.229597203080623,1698.6666666666667,7.438187432387046,1.125460463641101,0.3462475109149469,-0.6585950286267154,2.459930725681028,-0.8312751111469203,-0.6471327443591668,-0.16797048434731873,1.988005208878787,-1.0481698986848025,-1.2536922176514131,0.13042135347817568,1.7310745302888952
Burkina Faso,2024,-0.6255047062434302,0.0,0.0,0.0,-0.6255047062434302,1.313864628818412,1.0,0.0,7684.0,0.0,0.0,0.0,,1.7671796950609975,2.9379190115005236,8.947025655972697,0.0,2179688.0,14.594692764037829,4.333333333333333,1.6739764335716716,0.3808631830477012,0.0714397495839289,0.5259124683872874,0.9565333389177058,-0.17218964000084455,-0.45331506624258566,0.21313721637411456,0.4221149262921724,-0.4968736072289024,-0.39846019057227416,0.0977202796185376,1.5611762160165719
Burundi,2024,1.22786423732899,0.0,-0.8428518306143584,0.0,0.1925062033573158,2.131875538419158,2.0,29.0,237830.0,0.0001219358365218,12.193583652188538,0.0,,1.899972784758518,1.8894660266836536,12.37931561639092,3.4011973816621555,99865.66666666667,11.511591241957092,16.666666666666668,2.8716796248840124,0.14857611820042013,0.08636634991793198,0.681514270158774,0.22379453717031722,-0.039396550303323945,0.23190275366063975,0.6493161160265143,-0.08088268376359571,0.031869171154814024,-0.2261473294093225,0.2866030298046481,1.638249831213513
Cambodia,2024,0.0,0.0,0.0,-0.943764100360832,-0.943764100360832,0.9956052347010104,1.0,0.0,0.0,0.0,0.0,0.0,,2.755091479025364,1.9568300971890185,0.0,0.0,60623.333333333336,11.012451631615749,10.333333333333334,2.4277482359480516,-0.38785290688610935,-0.4490513542331284,-2.705358411766864,0.99703928555765,0.815722143963522,-1.759486244324354,-0.824884216571366,-0.26510316720761185,-0.7025889030976162,0.8834582169235519,-0.49576041385987324,1.5995353159697923
Cameroon,2024,1.0991328145542627,0.0,0.0,0.0,1.0991328145542627,3.0385021496161047,1.0,38.0,500008.0,7.59987840194557e-05,7.59987840194557,0.0,,1.4649063375032463,2.1816061472932113,13.12238137724233,3.6635616461296463,1045163.3333333334,13.859684687795808,14.0,2.70805020110221,0.6601139044471231,0.3536085321180684,2.750668712845827,0.559163331523329,-0.47446299755859594,1.5735958121128586,0.9305084050923088,0.2347536286241737,0.6178910294633525,-0.7906913466719624,0.5375571294545045,2.2634057583544096
Canada,2024,0.0,0.0,-1.3785766216881452,0.0,-1.3785766216881452,0.560792713373697,1.0,2.0,20.0,0.1,10000.0,0.35471225,,0.8732922854151957,0.805649614601017,3.044522437723423,1.0986122886681098,2490.0,7.820439515262181,9.0,2.302585092994046,-1.1412613611444618,-0.3114655237784507,-1.8661453705902364,0.49826847782418493,-1.0660770496466463,-0.3124995720414989,-0.752075079410222,-1.0131110737485136,-0.9836413657290056,-1.5583721819602088,-0.932698731197611,1.462711793657652
Cape Verde,2025,4.797557123283165,0.0,0.0,0.0,4.797557123283165,6.736926458345008,1.0,17.0,119000.0,0.0001428571428571,14.285714285714286,0.0,,3.168277413174596,2.7868474834335983,11.686887175419702,2.8903717578961645,63364.333333333336,11.05667219802996,6.0,1.9459101490553132,2.415569282072937,0.9552235363591262,2.2955947612866097,1.8619949364723454,1.2289080781127542,3.568649045170411,0.4215390427579164,1.1618932190526012,3.0084644578711,1.4196099900897314,1.0944734938317466,2.554010442801561
Central African Republic,2025,-0.5056487122227386,0.0,0.0,0.0,-0.5056487122227386,1.4337206228391035,1.0,0.0,2500.0,0.0,0.0,0.0,,1.8973999254183829,1.4742262798327936,7.824445930877619,0.0,3755.3333333333335,8.23119858328424,0.0,0.0,-0.2779497123192716,-0.22573324684236434,-0.7682250601141511,0.7954488841215074,-0.04196940964345921,-0.46367930257927936,-0.5943302056295909,-0.4114775408195854,-0.41940154598784435,-0.22948588230600064,-0.48589330814846854,1.554709865935494
Chad,2024,4.281185353075223,0.0,0.0,0.0,4.281185353075223,6.2205546881370655,1.0,577.0,1945674.0,0.0002965553324966,29.65553324966053,1.8423606,,2.082827950157828,3.170585694899012,14.481119518530747,6.359573868672378,1816815.0,14.412596076427795,210.33333333333334,5.353436665769117,2.2172139106940096,1.2623981040135905,2.1335579704264096,2.104313371081052,0.14345861509598584,4.1377267379792375,1.56987171954383,1.2347004413560698,2.674694038364196,0.011126287765714936,1.4959277046421333,2.585302509367172
Chile,2025,0.0,0.0,-1.4011416966149282,0.0,-1.4011416966149282,0.538227638446914,1.0,0.0,0.0,0.0,0.0,0.0,,1.9028831730866274,1.7248166842608672,0.0,0.0,28962.0,10.27377443229468,3.0,1.3862943611198906,-0.4615144210339426,-0.10631686741466274,-0.36527557647595565,0.7804972904920807,-0.0364861619752148,-1.3646555346397133,-0.9818045167891623,-0.38515388149074076,-0.9982268929771047,-0.22237079750503352,-0.7591618424643354,1.4976971481784789
China,2025,-0.7578832608520427,0.0,-0.7265506248341449,0.0,-0.7422169428430938,1.1971523922187484,2.0,169.0,400688.0,0.0004217745477778,42.177454777782216,0.0,,3.0258569536569655,0.642493329007777,12.900940844288352,5.135798437050262,928291.6666666666,13.741102335611767,230.0,5.442417710521793,-0.8870788995410508,-0.08223081731897745,-1.1435192074383294,0.3336668315634748,1.086487618595123,-1.828704561438217,1.2713513493569923,-0.9773614702301117,-0.5723136185133528,1.234804614120808,0.42896872575604617,1.2970160769959844
Colombia,2025,0.0,0.0,-0.2211930314957725,0.0,-0.2211930314957725,1.7181763035660698,1.0,2.0,20000.0,0.0001,10.0,0.0,,1.9774103818930424,2.473405479426537,9.90353755128617,1.0986122886681098,490230.0,13.102631987570701,1.3333333333333333,0.8472978603872036,0.017122274439599027,0.03535572406297202,-0.007012298099953614,0.3235862415614013,0.03804104683120038,-0.25923407832697287,0.18989928095485206,0.09682643055846346,-0.23553616572290825,-0.12566398382087313,0.07125942487651835,1.5051119249469318
Comoros,2024,0.0,0.0,1.4676754503112743,0.0,1.4676754503112743,3.4070447853731167,1.0,0.0,64155.0,0.0,0.0,0.0,,4.226708119832009,4.924477037308274,11.069072896457268,0.0,139659.0,11.846966176400027,2.6666666666666665,1.2992829841302609,1.789844718762991,0.17684887951942294,0.8157194191064889,0.9465080480824495,2.2873387847701663,-0.819663334458892,0.12495337314427181,1.755678505211857,0.856108215684169,2.7930340426687947,0.9091159494946051,2.2401255172125962
Congo,2024,1.802612446196881,0.0,0.0,0.0,1.802612446196881,3.741981781258723,1.0,9.0,675000.0,1.3333333333333332e-05,1.3333333333333333,0.0,,2.5388116056492005,4.089692224936829,13.42246945133505,2.302585092994046,654893.0,13.3922286694601,7.666666666666667,2.1594842493533726,1.6568662694812815,0.09482227142971712,0.5381105354780902,0.4540713432750068,0.5994422705873584,1.2031701756095226,0.7474267118758057,1.3755993409513492,1.0726035163085674,0.6028125607504995,0.9387849746970752,1.9802942312571397
Costa Rica,2024,2.0883928061132155,0.0,-0.0442800691724374,0.0,1.022056368470389,2.961425703532231,2.0,8.0,1102086.0,7.258961641831944e-06,0.7258961641831945,0.0005138939,,2.4230390022268313,3.3341842667196433,13.912716212947238,2.1972245773362196,534028.6666666666,13.188206671954735,3.6666666666666665,1.5404450409471488,1.230844562859133,0.6034992521833773,3.0310302409810235,1.2324037104903134,0.48366966716498927,0.5383867013053997,0.7088011593741333,0.91156559906905,0.5680706495979775,0.45258555281331875,0.7127611321753577,2.222763179949202
Cote d'Ivoire,2024,-1.576210610845495,0.0,0.0,0.0,-1.576210610845495,0.3631587242163472,1.0,26.0,227.0,0.1145374449339207,11453.74449339207,0.0,,0.8984567329735392,1.4574786113118874,5.429345628954441,3.295836866004329,10158.666666666666,9.226180912195316,21.0,3.091042453358316,-0.756275899822675,-0.3058234383570814,-0.9628485016839742,0.5926544078913146,-1.0409126020883028,-0.5352980087571921,-0.15474230171200054,-0.6059127554024526,-1.1113872714420694,-1.5257186909672646,-0.5481292995196503,1.3942299604000505
Croatia,2025,-1.9393693350618424,0.0,0.0,0.0,-1.9393693350618424,0.0,1.0,0.0,0.0,0.0,0.0,0.0,,1.604090961874416,5.609731348315418,0.0,0.0,2092.3333333333335,7.646512970794134,605.6666666666666,6.407979491402731,0.7564978044444787,-0.42430660579186014,3.24316903706033e-16,2.2984162914054656,-0.33527837318742637,-1.604090961874416,-0.7707337218290284,1.618968680615037,-1.3461244254124938,-0.6100848037417789,-0.24355183494680693,1.5563057689082802
Cuba,2024,0.0,0.0,2.1423541919382796,0.0,2.1423541919382796,4.081723527000122,1.0,10.0,4590000.0,2.1786492374727668e-06,0.2178649237472766,0.0,,2.109342414222345,1.2826315988311068,15.339390799901627,2.3978952727983707,2605860.0,14.77327369679465,8.333333333333334,2.2335922215070942,0.7029216126934582,0.5459581913803008,2.375586929927024,1.3574180133773892,0.169973079160503,1.9723811127777766,1.053080058971184,-0.10149717773614908,1.2922044928577894,0.04553156574792105,0.6995495655550151,2.87554125686838
Cyprus,2024,-0.6049785341026064,0.0,0.0,2.78654520312884,1.0907833345131168,3.030152669574959,2.0,218.0,469.0,0.464818763326226,46481.8763326226,0.0,,2.3868211343365764,4.288599070360362,6.152732694704104,5.389071729816501,156.33333333333334,5.058366696917446,156.66666666666666,5.0604830998238235,1.7747672074292076,0.5318098182844192,1.2305465389408206,1.262697264558917,0.44745179927473433,0.6433315352383825,-0.10024310230651043,1.5000223711554073,0.6124941243326256,0.40558909798568354,0.45731707008405875,2.0319596025771487
Czechia,2024,0.0,0.0,1.2492038092451034,1.427539789460425,1.3383717993527642,3.2777411344146063,2.0,557.0,250000.0,0.002228,222.8,0.4347364,,1.3920170734092925,1.4630744786404093,12.429220196836383,6.324358962381311,83334.33333333333,11.330627907888278,399.3333333333333,5.9922975334118735,0.18177108312150603,0.6299428752244899,0.980908759778027,1.0864625489399784,-0.5473522616525496,1.8857240610053139,1.1705282483305839,-0.23530663704311006,0.7725294139095934,-0.8852727565382447,0.5537896013371291,2.5644819458114823
Democratic Republic of Congo,2025,0.5252966104082034,0.0,0.0,0.0,0.5252966104082034,2.4646659454700455,1.0,351.0,182161.0,0.0019268668924742,192.686689247424,0.0,,1.525423644106417,2.0376777375554105,12.112651680036153,5.863631175598097,905321.0,13.716045960504832,1179.3333333333333,7.073552163443794,0.9617433576226855,-0.3094771240404606,2.186650707850136,0.9376562843190352,-0.41394569095542516,0.9392423013636286,1.4075994140048462,0.29668910723538444,0.2469769678581818,-0.7121638398986738,0.7438021450001291,1.7772541968621938
Denmark,2024,0.0,0.0,0.0,0.8499941155483517,0.8499941155483517,2.789363450610194,1.0,174.0,0.0,0.0,0.0,0.0,,0.9962000783628676,2.876070980373876,0.0,5.1647859739235145,1.0,0.6931471805599453,205.33333333333334,5.329492984016486,0.5754779919140711,0.6793013514755957,4.0539612963254127e-17,1.1389128605195649,-0.9431692566989746,1.7931633722473261,-1.0234684304087733,0.47425772600816307,0.45685370542621395,-1.3988865226515943,-0.4645303801535733,2.3160228765474518
Djibouti,2022,0.0,1.0208752936880665,0.0,0.0,1.0208752936880665,2.9602446287499085,1.0,0.0,192168.0,0.0,0.0,0.0,,3.929680223156521,4.570893701423333,12.166130472187065,0.0,184056.0,12.123000771227094,6.333333333333333,1.992430164690206,2.3051650265958297,0.1321720710674644,0.1904865360179677,1.0332658584302723,1.990310888094679,-0.9694355944066124,0.30709439860445287,1.8191990536391371,0.5673072309753715,2.4076094182553565,0.9342039891838521,2.174561998454599
Dominican Republic,2024,-0.1137162158359771,0.0,0.195042363100361,0.0,0.0406630736321919,1.9800324086940344,2.0,2.0,30000.0,6.666666666666667e-05,6.666666666666667,0.0,,2.444310030631532,3.30878976227019,10.308985993422082,1.0986122886681098,688557.0,13.442354834706613,14.0,2.70805020110221,0.526845852312234,0.11169407645627921,0.627596159958912,0.607378773960918,0.5049406955696901,-0.4642776219374982,0.41961400494371176,0.6251038428131525,-0.06627861311926977,0.48018692704627974,0.4041598639118815,1.7060902656919854
East Timor,2021,0.0,0.0,3.4625631833332458,0.0,3.4625631833332458,5.401932518395088,1.0,41.0,143670.0,0.0002853762093686,28.537620936869217,0.0,,2.5991231498825695,2.866142618711777,11.875281242375891,3.7376696182833684,90933.66666666667,11.417896578932435,14.666666666666666,2.751535313041949,1.7542797066524807,1.2896065634004308,1.9161393487891414,1.7647149506796724,0.6597538148207271,2.8028093685125186,0.6156952338856143,0.933320830351181,2.1455561559768577,0.6810730694236536,0.9311185548694964,2.506085392422171
Ecuador,2025,0.0,0.0,1.602050202278413,0.0,1.602050202278413,3.5414195373402553,1.0,97.0,346961.0,0.0002795703263479,27.95703263479181,0.0,,2.307607008352651,2.4876439991386112,12.756970542845874,4.584967478670572,181803.0,12.110684462683691,44.333333333333336,3.8140425970679424,0.93851527153134,0.32337860416344794,0.7066959565296482,0.6187117075543869,0.36823767329080875,1.2338125289876043,0.9228381386934453,0.4642861792940347,0.9429648564280015,0.302800521231395,0.749215394757571,2.0828465689927715
Egypt,2021,-1.2273948630457727,0.0,0.0,0.0,-1.2273948630457727,0.7119744720160694,1.0,3.0,6235.0,0.0004811547714514,48.115477145148354,0.0,,0.8830498020020787,1.1878510418873125,8.738094230177667,1.3862943611198906,19735.666666666668,9.890233436857713,23.0,3.1780538303479458,-0.7399316987019929,0.04667363631729005,0.5746931056969052,0.4342112087026452,-1.0563195330597634,-0.17107532998600927,0.034806107691111275,-0.7053872185904675,-0.8859210759782007,-1.5457107881726209,-0.4464029910160534,1.2144202493128735
El Salvador,2024,0.0,0.0,0.5514578868749684,0.0,0.5514578868749684,2.4908272219368106,1.0,19.0,9050.0,0.0020994475138121,209.94475138121547,0.0,,2.317648826140191,1.3055039715874817,9.11063052782717,2.995732273553991,6307.666666666667,8.749679628400068,11.0,2.4849066497880004,0.11584928993830727,-0.17624136838554497,-0.5103903129771817,1.0957443237626387,0.3782794910783489,0.17317839579661953,0.04787653756103441,-0.323080961672153,0.26388699417048767,0.31583082543012597,0.014334160031064705,1.9008058554218161
Estonia,2024,0.0,0.0,0.0,1.661355299474604,1.661355299474604,3.600724634536446,1.0,85.0,0.0,0.0,0.0,0.0,,2.4516240294795844,3.8155965519103106,0.0,4.454347296253507,0.0,0.0,118.33333333333333,4.78192069773259,2.001438512416026,0.7279571554226847,0.0,1.4729678476654813,0.5122546944177421,1.1491006050568617,-1.19546493463015,1.4032782959727543,0.9812982594374248,0.48967760213277056,-0.05075039419299565,2.1714892425120116
Eswatini,2022,0.0,0.0,0.0397599155428052,0.0,0.0397599155428052,1.9791292506046472,1.0,0.0,1058.0,0.0,0.0,0.0,,2.911663555050858,0.538227638446914,6.9650803456014065,0.0,77686.0,11.260443212190522,0.0,0.0,-0.09992797557048316,-0.4534045479853331,-2.316531310501061,1.0728748466558102,0.9722942199890156,-0.9325343044462103,-0.40305323961995726,-0.7091652500544952,-0.06686239300765187,1.086626788869806,-0.28018461238776954,1.770982488272304
Ethiopia,2025,0.0,0.0,-0.3103046324709915,0.0,-0.3103046324709915,1.629064702590851,1.0,1.0,38624.0,2.589063794531897e-05,2.589063794531897,0.0,,2.767194652128305,1.8506522989477183,10.561655014200047,0.6931471805599453,1771236.6666666667,14.38718910689527,52.333333333333336,3.9765615265657175,0.11763240575580096,-0.0008637894419131432,-1.4722224562610455,0.5795111913797997,0.8278253170664627,-1.1381299495374542,0.601253465356979,-0.10827920790885698,-0.2931357832009383,0.8991633442857417,0.3195028976497087,1.6639096017128412
European Union (27),2025,-1.7524439523593172,0.0,-1.2144617031509268,0.0,-1.483452827755122,0.4559165073067202,2.0,8.0,6370.0,0.0012558869701726,125.58869701726844,0.0,,0.949972951077472,1.9808122753923163,8.759511722116487,2.1972245773362196,834639.3333333334,13.634756172515553,34429.0,10.44668355633257,-0.35597858699451973,-0.0906381208786904,-0.4346876013449489,0.7412668770400137,-0.98939638398437,-0.494056443770752,1.0789985662509196,-0.2431660964841809,-1.0514308486458799,-1.4588710337736306,0.17510602833016956,1.3743029423377056
Fiji,2023,0.0,0.0,1.858058898974685,0.0,1.858058898974685,3.797428234036527,1.0,0.0,230000.0,0.0,0.0,0.0,,3.656482311084221,3.5530198220271423,12.345838935721968,0.0,127438.33333333333,11.755395713350326,2.3333333333333335,1.2039728043259361,1.8936303917271922,0.0838104692822247,0.5691483478741778,0.659400100121373,1.7171129760223791,0.1409459229523058,0.2210278398458277,1.2578134183128151,1.1084427834249027,2.053106680197583,0.7965443600346113,2.079128908740779
France,2025,0.0,0.0,-0.9667730255006176,0.0,-0.9667730255006176,0.9725963095612248,1.0,0.0,1902.0,0.0,0.0,0.0,,1.085348766559685,1.5021655779882208,7.551186867296149,0.0,177260.0,12.085378501707144,1732.3333333333333,7.457801615901409,-0.3715908648667803,-0.005002129046722754,-0.2636562631152087,0.6510761097696085,-0.8540205685021571,-0.11275245699846048,0.3787440074351763,-0.4372812749529212,-0.7174613245570941,-1.2832068169748292,-0.1558881954016892,1.3534155568026685
Gabon,2024,0.404210839357992,0.0,0.0,0.0,0.404210839357992,2.3435801744198343,1.0,0.0,13400.0,0.0,0.0,0.0,,2.2796184408696565,2.0843554224634686,9.503084610020228,0.0,31415.0,10.355072596257845,0.3333333333333333,0.2876820724517809,0.6129225443235596,0.0646246772386343,0.4465293168729376,0.5422466029502622,0.34024910580781437,0.06396173355017765,-0.233775525288416,0.17802547091407697,0.16871000802133596,0.2664824405704765,-0.020426649655440717,1.7832510704162416
Gambia,2025,0.8012269260540016,0.0,0.0,0.0,0.8012269260540016,2.7405962611158436,1.0,8.0,10767.0,0.0007430110522894,74.30110522894027,0.0,,1.9630429285216062,2.84828046350106,9.284334051884509,2.1972245773362196,14972.333333333334,9.61402612018427,8.0,2.1972245773362196,0.946783092924608,-0.04728185719987401,-0.11082085280552727,0.13614087564959088,0.023673593459764244,0.7775533325942373,0.04363297113163945,0.6091695802020602,0.4253317550896431,-0.1443072506030278,0.22347791881947848,1.9589462722062851
Georgia,2025,0.0,0.0,0.836538593101026,0.0,0.836538593101026,2.775907928162868,1.0,3.0,28870.0,0.0001039140976792,10.391409767925182,0.0,,1.8794529270255285,3.4108686286718193,10.270592910089658,1.3862943611198906,128023.33333333333,11.759975629000914,1.0,0.6931471805599453,0.7367590353555328,0.3842549151553812,0.8734666104631841,0.8072000533228733,-0.05991640803631366,0.8964550011373397,0.1156700191460709,0.7476355425662382,0.44815637603866837,-0.2527739814789607,0.28668995347249915,2.077910031113317
Germany,2024,-1.3064061818225003,0.0,0.0,1.8601077394547172,0.2768507788161084,2.2162201138779505,2.0,6294.0,3407.0,1.847373055474024,184737.3055474024,0.048283995,,0.8940455995938389,2.180672476459289,8.133880887949207,8.747510946478448,1136.3333333333333,7.03644161994346,6951.333333333333,8.846832613628525,0.3038823350536653,0.47593821185076873,0.18341616911019734,0.8765471537684197,-1.0453237354680034,1.3221745142841117,0.878586433290926,0.09448061828419338,0.08638749682291996,-1.531442595843331,0.32272723615561616,2.1502172816567606
Ghana,2023,-0.0932426270318336,0.0,0.0,0.0,-0.0932426270318336,1.8461267080300088,1.0,8.0,41114.0,0.0001945809213406,19.458092134066256,0.0,,2.008072604061535,1.0381773833280876,10.624128297404996,2.1972245773362196,15480.0,9.647368744540465,5.666666666666667,1.8971199848858813,-0.8725374238460716,0.07823711148966818,0.4122733799701541,0.7915730878097218,0.06870326899969253,-0.16194589603152615,0.13822181886443982,-0.8162495714996387,-0.15283207026701356,-0.08587655780720102,-0.16646394976346188,1.5596264928533616
Greece,2024,-1.9393693350618424,0.0,0.0,4.452705560231204,1.2566681125846806,3.196037447646523,2.0,5980.0,0.0,0.0,0.0,0.0,,1.3436721329511436,2.895911484342104,0.0,8.696343057044556,1836.6666666666667,7.516251929921574,4476.0,8.406708458240965,1.9243698331498174,0.31735950729292484,-0.7678337272312771,1.7417979320631847,-0.5956972021106987,1.8523653146953794,0.16056472875869424,1.0118134139279427,0.7197180958221189,-0.9480053507724138,0.3463928971574092,2.351074876822113
Grenada,2024,0.0,1.4562613784420742,4.341630841550667,0.0,2.8989461099963707,4.838315445058213,2.0,8.0,112027.0,7.141135619091826e-05,7.141135619091826,7.833634,,2.3884650149552957,0.3421758202227267,11.62650411903244,2.1972245773362196,37342.333333333336,10.52790968288466,3.0,1.3862943611198906,0.2574593111456342,-0.2900763212292755,0.29502140827175083,3.538671511328157,0.44909567989345345,2.4498504301029174,0.25917299832883345,-0.6458023880201981,1.7812474972499346,0.4077222042600166,0.27609524717285905,2.4226665452857277
Guadeloupe,2022,0.0,0.0,-1.090159053749579,0.0,-1.090159053749579,0.8492102813122631,1.0,1.0,0.0,0.0,0.0,0.0,,2.3936730693011667,4.628986893095942,0.0,0.6931471805599453,26667.333333333332,10.191232123034865,1.6666666666666667,0.9808292530117263,0.06610560255653075,0.20851210092841782,0.44874246496286013,1.8609797399046375,0.45430373423932463,-1.5444627879889037,-0.9637212454536086,0.9626467792096386,-0.7972151158872485,0.4144801970702851,-0.31933317560045343,1.7416564025188377
Guam,2023,0.0,0.0,3.203463840675645,0.0,3.203463840675645,5.142833175737487,1.0,2.0,100000.0,2e-05,2.0,0.0,,3.6081740800313566,2.8589176474031546,11.51293546492023,1.0986122886681098,38481.333333333336,10.557954540501898,1.3333333333333333,0.8472978603872036,2.103715818386178,0.21031519886973193,0.2725069747955676,0.884444718755809,1.6688047449695147,1.5346590957061301,0.10745347271891471,1.0677207703026252,1.9780805090065259,1.9904217202391923,0.8164111773100118,2.3616550345479093
Guatemala,2025,0.0,0.0,-0.2379577036320392,0.0,-0.2379577036320392,1.701411631429803,1.0,16.0,4726.0,0.0033855268726195,338.55268726195516,0.0,,2.7246315356462056,2.8592634045329666,8.461046030793236,2.833213344056216,1691828.6666666667,14.341321144262004,40.666666666666664,3.7297014486341915,1.086422184470951,-0.10893737937060637,-0.49078073700947106,1.1837748781934436,0.7852622005843635,-1.0232199042164027,0.5789273905867809,0.6683248493985446,-0.24637245069170916,0.8439332687016243,0.5039823669094327,1.7522645103816112
Guinea,2025,0.0,0.0,-1.253027838172129,0.0,-1.253027838172129,0.6863414968897132,1.0,15.0,10.0,1.5,150000.0,0.0,,1.690306211678066,2.7171134883419468,2.3978952727983707,2.772588722239781,67027.33333333333,11.112870694554339,9.333333333333334,2.3353749158170367,-0.12402393787902717,-0.2931856428017204,-1.6295955167379714,0.7826411679038127,-0.24906312338377595,-1.003964714788353,-0.36839174084852755,0.13710653157094904,-0.9024896208808173,-0.49821153982883776,-0.3351138346465329,1.5480083559109326
Guyana,2022,-0.3977625807702173,0.0,0.0,0.0,-0.3977625807702173,1.5416067542916247,1.0,0.0,500.0,0.0,0.0,0.0,,2.903021070166258,3.1208808519910134,6.2166061010848646,0.0,12758.0,9.453992183921743,0.0,0.0,0.36936337663194757,0.17170748930487992,1.0680890661456723,1.3513518880172843,0.9636517351044156,-1.361414315874633,-0.6282724084000523,0.48945489381915736,-0.34966651895609124,1.0754122648202855,-0.13668123210662192,1.8537845067680647
Haiti,2025,-0.5871790687548049,0.0,0.0,0.0,-0.5871790687548049,1.352190266307037,1.0,1.0,4116.0,0.0002429543245869,24.295432458697764,0.0,,3.116445561696205,1.8742074986787312,8.322880021769905,0.6931471805599453,134363.0,11.808307814048197,37.333333333333336,3.6463198396951406,0.4409496758772869,0.023025909128939554,0.02351868434902932,1.0834156279790512,1.1770762266343626,-1.7642552953891675,0.14746120982540872,0.027951421699158607,-0.47210082753706,1.3523527657269374,0.14513861277962875,1.6780498772299932
Honduras,2025,0.4870794825879972,0.0,-1.0769408439934771,0.0,-0.29493068070274,1.644438654359102,2.0,17.0,34253.0,0.0004963068928269,49.63068928269057,0.0,,2.717579594577412,2.8564732100455856,10.441558625192314,2.8903717578961645,73475.66666666667,11.204723174482274,8.333333333333334,2.2335922215070942,0.24992058322263377,-0.2638402702034518,2.0339872092281572,0.5845153285845768,0.7782102595155698,-1.0731409402183099,0.35017240522907905,0.3387015448839604,-0.2831984267705087,0.8347826408708822,0.30076008890704153,1.7893847101574698
Hong Kong,2025,-1.9393693350618424,0.0,-1.097417491302708,0.0,-1.5183934131822752,0.420975921879567,2.0,0.0,116.0,0.0,0.0,0.0,,2.1850765881545446,0.5712362956963288,4.762173934797756,0.0,165.33333333333334,5.113993807083409,0.6666666666666666,0.5108256237659906,-1.2880168712390576,-0.1484253484203788,-0.09673778370604001,0.27473693623826795,0.2457072530927024,-1.7641006662749776,-1.0940273644357257,-1.1628112491000007,-1.074015611269796,0.14380454235984785,-0.9844383819473477,1.485214701189049
Hungary,2024,0.0,0.0,0.0,2.6957995900468994,2.6957995900468994,4.635168925108742,1.0,1443.0,0.0,0.0,0.0,0.0,,1.4711038571773136,2.8304854216573876,0.0,7.275172319452771,0.0,0.0,750.0,6.621405651764134,1.6878050987036144,0.6364973051788482,-1.1918397239722829,1.1208129814588268,-0.4682654778845287,3.164065067931428,-0.7846540390984512,0.8932096041575511,1.649938422864249,-0.782649419568792,0.00020120296292032436,2.3451247102107518
Iceland,2023,0.0,0.0,0.0,-0.943764100360832,-0.943764100360832,0.9956052347010104,1.0,0.0,0.0,0.0,0.0,0.0,,1.3814138441490065,1.3814138441490065,0.0,0.0,0.0,0.0,0.0,0.0,-0.943764100360832,0.0,0.0,0.0,-0.5579554909128359,-0.3858086094479961,-2.0096510176414846,-0.7094204991569248,-0.7025889030976162,-0.8990315505806784,-1.3774721241326837,1.3760559430658832
India,2025,-0.0614992385307041,0.0,-0.9776556530917688,0.0,-0.5195774458112364,1.4197918892506056,2.0,413.0,1964238.0,0.0002102596528526,21.025965285265837,0.0,,1.9204056092240351,2.2092905947208976,14.490615450920567,6.025865973825314,11989667.0,16.299555836878877,1141.6666666666667,7.041119991049561,-0.049127782080753635,-0.054830923581969046,0.0813935743152546,0.3745361522288662,-0.01896372583780692,-0.5006137199734295,1.8564004112275247,-0.03292103531211962,-0.4284047477917708,-0.19963361206669958,0.8357458734102969,1.6161754438052551
Indonesia,2025,-0.4642144759161307,0.0,0.0,0.0,-0.4642144759161307,1.475154859145711,1.0,62.0,128458.0,0.0004826480250354,48.264802503542015,0.0,,1.6133326856683063,1.48980083743597,11.76336506625712,4.143134726391533,6389326.666666667,15.670139604333984,74.33333333333333,4.321922710604176,-0.4059774398906508,-0.19475308202723088,-0.5960552671896946,0.3301169390172018,-0.3260366493935358,-0.13817782652259486,1.1548424430448212,-0.45564237797919,-0.39261944202341653,-0.5980927048108002,0.3448084402430206,1.2715510487531128
Iran,2025,0.0,0.0,-1.0848443489235686,0.0,-1.0848443489235686,0.8545249861382735,1.0,0.0,1544.0,0.0,0.0,0.0,,1.5884762816595883,2.269187198481357,7.3427791893318455,0.0,103282.66666666667,11.545234527085018,16.666666666666668,2.8716796248840124,-0.546816747558954,-0.09597555376473799,-1.7047346886462904,0.6787991346932626,-0.3508930534022537,-0.733951295521315,-0.0915127067331091,-0.20485952642312957,-0.7937798172096726,-0.630346477222607,-0.2790728552760485,1.4317148029598499
Iraq,2025,-0.3803639324911359,0.0,-0.7815314876689077,0.0,-0.5809477100800218,1.3584216249818204,2.0,0.0,32751.0,0.0,0.0,0.0,,1.28852804529272,1.3934014864189272,10.396719307901071,0.0,599656.6666666666,13.304114215813968,2.0,1.0986122886681098,-0.5034902865699801,-0.1882283680866789,-1.3760275206193495,0.31900099179837177,-0.6508412897691224,0.0698935796891006,0.17644445511689025,-0.5317994186116851,-0.4680730256335152,-1.0195605464703796,-0.2168946355865414,1.2746874693969696
Ireland,2024,0.0,0.0,-1.4011416966149282,-0.2426781733573698,-0.821909934986149,1.1174594000756932,2.0,37.0,0.0,0.0,0.0,0.0,,1.000715643405403,2.0052193664761897,0.0,3.6375861597263857,0.0,0.0,41.333333333333336,3.7455747977904816,-0.5483238634331008,0.26254552512868334,0.0,0.6001701602353843,-0.9386536916564391,0.11674375667029013,-1.3588181375045159,-0.30912210831708314,-0.6238252714618409,-1.3930271068188955,-0.9895660972326945,1.5387562016367253
Israel,2020,-1.7805064810639364,0.0,0.0,0.0,-1.7805064810639364,0.1588628539979057,1.0,7.0,0.0,0.0,0.0,0.1411988,,0.9107849120852706,0.273804326171212,0.0,2.0794415416798357,0.0,0.0,9.5,2.3513752571634776,-1.7230357449772833,-1.1821726180136527,-3.4323619135856993,1.7442178442475416,-1.0285844229765717,-0.7519220580873647,-1.6190701708817357,-1.4504738577155463,-1.2434392584801641,-1.50972159487958,-1.509641598129737,1.4574000429625742
Italy,2025,-1.8076088190681745,0.0,-1.4011416966149282,0.0,-1.604375257841551,0.3349940772202908,2.0,0.0,250.0,0.0,0.0,0.0,,0.978936541250005,2.2686077497372437,5.5254529391317835,0.0,16354.333333333334,9.70230932089187,10604.0,9.269080866998783,-0.40019680713769784,0.13064490068164167,1.3367533328380652,1.0189419240915305,-0.9604327938118373,-0.6439424640297138,0.14976973159620308,-0.1475036107521587,-1.1295922287722346,-1.4212877596473306,-0.2735586471705064,1.546260068336355
Jamaica,2024,0.0,0.0,1.598289325623079,0.0,1.598289325623079,3.5376586606849214,1.0,5.0,160060.0,3.123828564288392e-05,3.123828564288392,5.0576286,,3.2630510680271674,2.2077235243723936,11.983310271558649,1.791759469228055,96686.66666666667,11.479241131080366,1.6666666666666667,0.9808292530117263,1.056788373082603,-0.017803556419498955,-0.35052704102798915,0.5976641728157694,1.323681732965325,0.27460759265775403,0.3030023169560646,0.40080081985654675,0.9405339152894898,1.5425886757104603,0.5470403183066385,2.3487273925647045
Japan,2025,-1.558025218985766,0.0,-0.8446771404091837,0.0,-1.201351179697475,0.7380181553643672,2.0,6.0,7785.0,0.0007707129094412,77.07129094412332,0.0,,1.5771154534170093,1.3480889886629628,8.960082528170402,1.9459101490553132,20312.333333333332,9.91903276387159,55.666666666666664,4.037186148382152,-0.9784136029510447,-0.05831553449349993,-0.2649588427782506,0.3513023422654553,-0.3622538816448329,-0.8390972980526421,0.1819773199313884,-0.7361167359665709,-0.8690870590582481,-0.6450883348307006,-0.28791241636775583,1.3135603543819416
Jordan,2023,0.0,0.0,0.0,0.5188037269836894,0.5188037269836894,2.458173062045532,1.0,0.0,2000.0,0.0,0.0,0.0,,2.298644219584587,0.7624608800366561,7.601402334583733,0.0,50758.666666666664,10.834857354956224,14.333333333333334,2.7300291078209855,-0.33058605176626427,0.29874865407809525,0.7276474253650643,1.0662738818576918,0.35927488452274453,0.15952884246094484,-0.14382189931892012,-0.7116885384085125,0.24278012258227374,0.2911703695409556,-0.18429902892015154,1.9095797759166908
Kazakhstan,2024,0.461228323690192,0.0,0.0,0.0,0.461228323690192,2.400597658752034,1.0,2.0,120000.0,1.6666666666666667e-05,1.6666666666666667,0.0,,1.8205638190035995,1.8205638190035995,11.695255355062795,1.0986122886681098,95500.0,11.466891997618188,1.0,0.6931471805599453,0.22372118615209635,0.5933899000484564,0.099829471249266,0.8589306210504526,-0.11880551605824265,0.5800338397484347,0.1900603446088083,-0.07843086397599594,0.2055647525344279,-0.32918873105445895,0.07333829608512346,2.025511708627407
Kenya,2025,0.0,0.6151114441691683,0.0,0.0,0.6151114441691683,2.5544807792310102,1.0,0.0,2150000.0,0.0,0.0,0.0,,2.2547526940684834,4.1419481478428954,14.580978865220017,0.0,1110947.0,13.920724262845926,201.0,5.308267697401205,1.1494883615942844,0.1700171757848178,-0.11438578732903525,0.7143269358454173,0.31538335900664133,0.29972808516252697,0.9707310729429728,1.1968548168074555,0.3050311382677458,0.23421654491262703,0.8537555659047747,1.877957367672039
Kyrgyzstan,2024,0.9592439802849032,0.0,0.0,0.0,0.9592439802849032,2.8986133153467453,1.0,6.0,107401.0,5.5865401625683185e-05,5.586540162568318,0.0,,1.9114621645759071,3.6525402390344657,11.584334082857444,1.9459101490553132,60625.5,11.012487370201741,3.0,1.3862943611198906,1.3362074421287633,-0.7539269236877199,3.270478087688998,0.533106840258698,-0.027907170485934902,0.9871511507708381,0.2760180533567583,1.0779768624151471,0.5274702171877055,-0.21123866274728634,0.46549990858559315,1.9861330234812482
Laos,2025,1.25182326074895,0.0,0.1988844066295506,0.0,0.7253538336892504,2.6647231687510926,2.0,15.0,182134.0,8.235694598482436e-05,8.235694598482436,0.0,,2.7989872864859318,2.2058254704667064,12.11250344933401,2.772588722239781,176515.33333333334,12.081168691206114,9.0,2.302585092994046,0.6504216777546646,0.02918395847816763,0.5611733721209582,0.26830239825389646,0.8596179514240896,-0.13426411773483915,0.5704264615427564,0.24045899780734803,0.376289194421249,0.9404175978206868,0.4958131191684712,1.8801279184398638
Latvia,2024,0.0,0.0,0.0,1.117486450530332,1.117486450530332,3.056855785592174,1.0,71.0,0.0,0.0,0.0,0.0,,1.8810132580946417,1.8811202681976784,0.0,4.276666119016055,66.66666666666667,4.214593690373678,78.0,4.3694478524670215,0.8646343024792028,0.30133898437381335,0.5303304908059076,0.9306545144940968,-0.05835607696720046,1.1758425274975324,-0.8759670228961095,0.19706416335335084,0.6297543828313005,-0.2507492894449642,-0.3193292421295184,2.0173385384044247
Lebanon,2024,0.0,0.0,0.0,4.493715828628961,4.493715828628961,6.433085163690803,1.0,0.0,2975000.0,0.0,0.0,0.0,,3.1732265054201134,5.901242150103707,14.905754933096265,0.0,1999600.0,14.508458218621447,0.0,0.0,4.227794321835413,2.038540796343779,3.434437399085771,2.729717867461967,1.2338571703582712,3.25985865827069,0.5832407224477946,3.0967729306998373,2.812068678257866,1.4260319526099725,1.6302270908985337,2.7816468556443628
Lesotho,2025,0.0,0.9742051489940576,0.0,0.0,0.9742051489940576,2.9135744840559,1.0,0.0,335764.0,0.0,0.0,0.0,,2.6397261480630934,2.9158017977159045,12.724166789485825,0.0,233339.0,12.360251896377848,0.6666666666666666,0.5108256237659906,0.6897393842153533,0.08448300835382236,0.005052686345255639,0.3829181566493399,0.7003568130012514,0.2738483359928062,0.24659487320364615,0.5347365979214008,0.5371407604754556,0.7337596874112071,0.4109286688946123,2.0074380020355544
Liberia,2024,0.6796315521454138,0.0,0.0,0.0,0.6796315521454138,2.619000887207256,1.0,2.0,51000.0,3.9215686274509805e-05,3.9215686274509807,0.0,,2.2147332396901422,2.16221591815475,10.839600519357369,1.0986122886681098,27305.666666666668,10.214886151605224,1.0,0.6931471805599453,0.41206889659857565,0.4552226570593573,1.3288022791501408,0.7677877450697413,0.2753639046283001,0.4042676475171137,0.004267988228219405,0.1297211631488897,0.3467354000967574,0.18228713577078262,0.104803308492924,1.935334370156127
Libya,2024,-0.3709057187163459,0.0,0.0,0.0,-0.3709057187163459,1.5684636163454964,1.0,5.0,3335.0,0.0014992503748125,149.92503748125935,0.0,,3.6912501687617327,10.757799537662097,8.112527763478637,1.791759469228055,541121.6666666666,13.201401272730672,4403.0,8.390268497842571,2.9140933834702794,1.2121650634557029,2.2909168004583362,4.271095625326645,1.7518808336998903,-2.1227865524162364,0.7667484848297407,4.488193716816566,-0.33230688267940267,2.0982215957896866,1.6653987987960701,2.0343316994453517
Lithuania,2024,0.0,0.0,0.0,2.3790257176718272,2.3790257176718272,4.31839505273367,1.0,329.0,0.0,0.0,0.0,0.0,,1.784300313226101,3.97786766246963,0.0,5.799092654460526,0.0,0.0,319.0,5.768320995793772,2.331107294834138,0.8018094559209094,0.0,1.663677164827746,-0.15506902183574117,2.5340947395075686,-0.9899721585390158,1.5964826784886486,1.4451833328854202,-0.37624440579290636,0.08328764970617665,2.3275225323331346
Luxembourg,2024,0.0,0.0,0.0,0.597846093653196,0.597846093653196,2.5372154287150384,1.0,15.0,0.0,0.0,0.0,0.0,,1.6757102715073344,3.3438413763563597,0.0,2.772588722239781,0.0,0.0,30.666666666666668,3.455264602932431,1.249760018766142,0.3796706647748507,-1.465293122768065,1.4430266768762985,-0.26365906355450797,0.8615051572077039,-1.460659638472684,0.9227871831722599,0.29387122671346155,-0.5171512920246103,-0.5072674686387187,1.9488742487827972
Madagascar,2025,-0.9339212720285124,0.0,0.3706091226468071,0.0,-0.2816560746908527,1.6577132603709894,2.0,19.0,75971.0,0.0002500954311513,25.009543115136037,0.0,,2.777558436182952,2.2958112808370834,11.238120130332128,2.995732273553991,395471.6666666667,12.88783695297141,40.333333333333336,3.721669276936927,0.2744698790516895,0.029923687371655724,-0.43847535108455193,0.6140458852831964,0.8381891011211097,-1.1198451758119623,0.7092212984621596,0.128148768478413,-0.2746180374599306,0.9126114332412661,0.4367162790558201,1.6732590142935109
Malawi,2025,0.9024909569913384,0.0,0.0796510392697571,0.0,0.4910709981305478,2.43044033319239,2.0,42.0,201922.0,0.0002080011093392,20.80011093392498,0.0,,2.546789113314689,2.570984135444584,12.21564171559387,3.7612001156935624,2903775.3333333335,14.881522631758596,434.0,6.075346031088684,1.0887732642606576,-0.045722260675014455,0.310227837000524,0.6997235834308573,0.607419778252847,-0.11634878012229921,1.2460917886384857,0.556029465255196,0.2248543468574374,0.613164207616469,0.8570978334233044,1.7821699887043483
Malaysia,2025,-0.3216840814488573,0.0,0.0,0.0,-0.3216840814488573,1.6176852536129849,1.0,18.0,20440.0,0.0008806262230919,88.06262230919765,0.0,,1.8660079880300637,2.0845465297379104,9.925297966799977,2.9444389791664403,71750.66666666667,11.1809663621558,17.0,2.8903717578961645,0.06512063615943757,-0.04476344603356879,-0.06776355074724547,0.45875527729389265,-0.07336134703177859,-0.2483227344170787,0.3652311744298315,-0.037043093671269525,-0.3004911881208668,-0.2702201898000939,0.10125911659895895,1.524413646623267
Maldives,2021,0.0,0.0,0.3852505012919219,0.0,0.3852505012919219,2.324619836353764,1.0,0.0,1320.0,0.0,0.0,0.0,,2.449034679753521,2.2101822413751204,7.186144304522325,0.0,1589.6666666666667,7.371908494549697,0.0,0.0,0.34872090199229205,-0.3684457143077586,0.17093069615876225,0.6149356924733467,0.5096653446916789,-0.124414843399757,-0.726344384219162,0.12368016837574572,0.1564544968655721,0.4863176512432645,-0.26015221036148234,1.7731202584407528
Mali,2024,1.4693751467812195,0.0,0.0,0.0,1.4693751467812195,3.408744481843062,1.0,92.0,380154.0,0.0002420071865612,24.20071865612357,0.6205791,,1.5140946366814867,2.5064871812668623,12.848334343272967,4.532599493153256,2998306.3333333335,14.913558465176905,34.0,3.5553480614894135,1.074416017929076,0.47377271089774237,1.228853892994666,0.8855769485958993,-0.4252746983803555,1.894649845161575,1.1505475734792023,0.5250602811421209,0.8572068590193372,-0.7268644066824779,0.7624334452097842,2.4872041637719304
Marshall Islands,2024,0.0,1.2320367288213636,2.095224117410245,0.0,1.6636304231158043,3.6029997581776465,2.0,0.0,33456.0,0.0,0.0,0.0,,2.6203642882717593,2.848986524434109,10.4180163112265,0.0,12645.333333333334,9.445122597067101,0.0,0.0,0.3907019719577143,0.09309392052140039,0.13069326951012006,1.190611284997661,0.6809949532099172,0.9826354699058871,-0.25869584022743836,0.39105168191750417,0.982768845197463,0.7086356582491461,0.1866938929701909,2.24536553535221
Mauritania,2023,-0.04009091949526,0.0,0.0,0.0,-0.04009091949526,1.8992784155665825,1.0,1.0,7200.0,0.0001388888888888,13.88888888888889,0.0,,2.186004090229476,2.871770917020218,8.881975184248867,0.6931471805599453,369326.0,12.819437709459788,5.0,1.791759469228055,0.6056874565153892,-0.12156152813731735,-0.6436663432118346,0.40019030638212316,0.2466347551676337,-0.28672567466289367,0.12239677313309676,0.48443337945865556,-0.11847607184586366,0.1450080728796214,0.17903612794229484,1.648334005751039
Mauritius,2024,0.0,0.0,1.6839040534918537,0.0,1.6839040534918537,3.623273388553696,1.0,2.0,100000.0,2e-05,2.0,0.0,,2.5271302915797715,2.3415606930570507,11.51293546492023,1.0986122886681098,34213.0,10.440390196012237,1.3333333333333333,0.8472978603872036,0.5278973611148592,0.2503889217247212,1.17036496517028,0.8555991521550745,0.5877609565179296,1.096143096973924,0.09709006043982568,0.24564744656518547,0.9958732372381374,0.5876548394109987,0.3181033613880297,2.2229500791667127
Mexico,2025,0.1242340902287194,0.0,-1.3654532513230748,0.0,-0.6206095805471776,1.3187597545146643,2.0,109.0,211929.0,0.0005143231931448,51.4323193144874,0.0,,1.4464886913387454,1.631192725940074,12.26401131045062,4.700480365792417,409848.6666666667,12.923545704775165,135.0,4.912654885736052,-0.49320338853387663,0.14308389298840454,0.5680453851214924,0.297147818856975,-0.4928806437230967,-0.12772893682408093,1.058064139735979,-0.43436925678368216,-0.4937095145122938,-0.8145901603355417,0.2649243124616707,1.342066351265514
Micronesia (country),2024,0.0,1.4004907661851262,0.0,0.0,1.4004907661851262,3.3398601012469684,1.0,0.0,78465.0,0.0,0.0,0.0,,3.8846723529098597,3.123514432123813,11.270420688927391,0.0,41133.666666666664,10.624606516170822,0.0,0.0,1.3725294494354163,-0.6008858504287496,0.05629438084755428,1.2862521353877336,1.9453030178480177,-0.5448122516628915,-0.07958289389791566,0.884472463352124,0.8126816352648074,2.349207020098053,0.5381496161885996,2.064793873004874
Moldova,2023,0.0,0.0,-1.1452915165375872,0.0,-1.1452915165375872,0.794077818524255,1.0,4.0,10.0,0.4,40000.0,0.0,,2.083974582882132,3.58934566445457,2.3978952727983707,1.6094379124341003,6214.666666666667,8.734828265555985,4.666666666666667,1.7346010553881064,0.477545951856448,-0.0856623563800167,-1.258016672859702,1.0501532112680827,0.1446052478202897,-1.289896764357877,-0.7335102032710231,0.715927282129381,-0.8328514273490311,0.012614163120358256,-0.31143957889348517,1.716862796978966
Mongolia,2024,0.0,0.0,1.7386559392266976,0.0,1.7386559392266976,3.67802527428854,1.0,5.0,340357.0,1.4690457372699842e-05,1.469045737269984,0.0,,3.285130328804273,3.5974768228097447,12.737753283815074,1.791759469228055,332788.6666666667,12.715265937767652,4.666666666666667,1.7346010553881064,1.5198237693591334,0.29171587288633094,0.763547307338474,0.5518883246018237,1.3457609937424302,0.3928949454842674,0.5449097312474129,1.1284647088899329,1.0312635527527787,1.5712388156050292,0.8663844573196093,2.1701632300132134
Montenegro,2024,0.0,0.0,0.0,3.130406381513424,3.130406381513424,5.069775716575266,1.0,135.0,0.0,0.0,0.0,0.0,,3.02879910458863,3.64075329785652,0.0,4.912654885736052,0.0,0.0,75.33333333333333,4.33510971488613,2.265846587307705,0.15013890233030874,-1.6824109746585867,0.6359406787787718,1.0894297695267878,2.040976611986636,-1.194451497478797,1.4384539671312726,1.9308579066112337,1.2386223613105385,0.17587866516615858,2.2666280106288896
Morocco,2024,-1.6862083723333416,0.0,0.0,-0.8731616729121323,-1.279685022622737,0.6596843124391052,2.0,43.0,168.0,0.2559523809523809,25595.23809523809,0.0,,1.961640714874085,1.961640714874085,5.1298987149230735,3.784189633918261,776.5,6.656083644053389,33.5,3.5409593240373143,-1.2531359899517793,-0.8553297671144586,-1.749081149236454,1.5499828049306668,0.022271379812242784,-1.3019564024349797,-0.324986047008372,-0.6030449639982529,-0.9197201903082851,-0.1461267688182939,-0.4658249699318214,1.4526983712268846
Mozambique,2025,0.0,0.0,1.1064520300079974,0.0,1.1064520300079974,3.0458213650698394,1.0,22.0,668473.0,3.291082811123262e-05,3.2910828111232617,0.0,,2.9726306511162606,2.997782651224931,13.412752781723652,3.1354942159291497,1955901.0,14.486362026072252,125.33333333333333,4.838923916414316,1.0524597264625182,0.19181648959005526,-0.07112503142948366,0.33702414639009687,1.0332613160544184,0.07319071395357901,1.1526360973846113,0.709388463233931,0.6226219960912739,1.1657379443053453,0.963632258345014,2.1627948720142
Myanmar,2025,-0.3516870735277007,0.0,0.4030695887854043,0.0,0.0256912576288517,1.965060592690694,2.0,22.0,167010.0,0.0001317286390036,13.172863900365249,0.0,,2.432419183320104,2.317218223310284,12.025814957493147,3.1354942159291497,850232.3333333334,13.653266100599499,232.66666666666666,5.45389559836648,0.36229198716014394,0.13105564595064545,0.5979321605703928,0.43729914816628024,0.49304984825826187,-0.46735859062941015,1.0111483017962601,0.17104736558688982,-0.07595603856451187,0.46475731450732044,0.5834183179609078,1.665288986295276
Namibia,2025,-1.0739316388197282,0.0,0.0,0.0,-1.0739316388197282,0.865437696242114,1.0,16.0,0.0,0.0,0.0,0.0,,2.5526927903249845,3.27570612374544,0.0,2.833213344056216,552396.6666666666,13.222023476516076,5.333333333333333,1.8458266904983307,-0.021262264093699468,-0.016081234143978794,-1.6521627811800903,0.9704392405297656,0.6133234552631426,-1.6872550940828708,-0.43165471098325014,0.39684670055316673,-0.7867261011867202,0.6208248432665854,-0.17254211120468288,1.6481548993823643
Nepal,2025,0.0121011376633456,0.0,-0.9526563468991732,0.0,-0.4702776046179137,1.4690917304439284,2.0,71.0,21029.0,0.0033762898853963,337.62898853963577,0.0,,2.46973652915963,4.815087076776153,9.953705268696746,4.276666119016055,871815.6666666666,13.678334436138295,133.0,4.897839799950911,0.4592262406657091,0.17330969037550537,0.9328680134191945,1.5467462274010708,0.5303671940977878,-1.0006447987157014,0.8822781572122307,1.1901298575525079,-0.3965385040772998,0.5131804564589321,0.7305088130285406,1.6362988360161004
Netherlands,2024,0.0,0.0,-1.3937786710470386,0.1423845943115632,-0.6256970383677377,1.3136722966941043,2.0,235.0,0.0,0.0,0.0,0.002036587,,1.378783240710391,1.500527186029661,0.0,5.4638318050256105,0.0,0.0,359.0,5.886104031450156,-0.45872755216367217,-0.1251096430044396,-0.16094379124340996,0.8147979700450456,-0.5605860943514512,-0.06511094401628648,-1.0091430411354827,-0.47214678314852515,-0.4969979261353928,-0.902445032457826,-0.7874024085209641,1.3770927378948121
New Caledonia,2021,0.0,0.0,-1.4011416966149282,0.0,-1.4011416966149282,0.538227638446914,1.0,0.0,0.0,0.0,0.0,0.0,,1.601450197099194,3.340722570940046,0.0,0.0,366.6666666666667,5.907176730585393,0.6666666666666666,0.5108256237659906,-0.46697671911721744,-0.12506705900953666,-0.05974281978610516,1.9288670602892632,-0.3379191379626483,-1.0632225586522799,-1.4438978150439352,0.2473314354209882,-0.9982268929771047,-0.613511471011238,-0.87120122971441,1.5476815107867592
New Zealand,2024,0.0,0.0,-0.3776477287529762,0.0,-0.3776477287529762,1.561721606308866,1.0,0.0,1200.0,0.0,0.0,0.0,,1.1508757454671585,2.207273770630563,7.0909098220799835,0.0,6031.0,8.704833909687792,5.0,1.791759469228055,-0.21701749552037,0.10332281503895353,0.05325195115962865,0.3553868701595416,-0.7884935895946835,0.4108458608417073,-0.4592953598702081,-0.09965009741400904,-0.3366647574666701,-1.1981787387470357,-0.4248777917833104,1.6160067851743356
Nicaragua,2024,0.0,0.0,-1.3627742512313146,0.0,-1.3627742512313146,0.5765950838305276,1.0,2.0,0.0,0.0,0.0,0.0,,3.001503874102611,2.7643180381442125,0.0,1.0986122886681098,326704.0,12.696812902032807,9.0,2.302585092994046,0.49889233308027375,-0.30018898156291396,-2.5212751383312577,1.2199740394536365,1.062134539040769,-2.4249087902720836,-0.5905956214910214,0.4002896586856726,-0.9734270896572214,1.2032039575979547,-0.22091906376288029,1.7444609148777719
Niger,2024,3.1620948403630935,0.0,0.0,0.0,3.1620948403630935,5.101464175424936,1.0,396.0,1527058.0,0.0002593221737484,25.932217374847585,1.1516232,,2.757878984324611,2.7226492431336,14.238854221306344,5.983936280687191,2139631.3333333335,14.576144565383963,210.66666666666666,5.355012710224582,1.806270980735638,0.3650314814648711,-0.16359445618119864,0.9745689459539474,0.818509649262769,2.3435851911003245,1.5299588637277433,0.8973843119459477,1.9513405720356471,0.8870752953025115,1.3707341251859568,2.488634377305994
Nigeria,2025,-0.991718698027273,0.0,0.0,0.0,-0.991718698027273,0.9476506370345692,1.0,259.0,14501.0,0.0178608371836425,1786.083718364251,0.0,,1.4896028492126143,1.691910214877443,9.582041849931539,5.560681631015528,612604.3333333334,13.32547617940451,297.6666666666667,5.699328124306821,-0.6454029753989582,0.018889580269252308,-0.13952182817937955,0.6356772811547027,-0.4497664858492278,-0.5419522121780451,1.0022500696034118,-0.47029791899159373,-0.7335856134212021,-0.7586450511675886,0.19764820792386834,1.2329970559034935
North Korea,2024,-0.8837934762969806,0.0,0.0,0.0,-0.8837934762969806,1.0555758587648616,1.0,0.0,4200.0,0.0,0.0,0.0,,2.8530122592434637,1.1207592059846905,8.343077871169383,0.0,31400.0,10.354595018522993,7.333333333333333,2.120263536200091,-0.43698692290661695,-0.6562654050904964,-1.8125545260793487,1.121172604750995,0.9136429241816219,-1.7974364004786025,-0.17452950254332852,-0.612758378630484,-0.6638253193644816,1.0105206254052215,-0.23897608129343537,1.5450209607580896
North Macedonia,2021,0.0,0.0,0.0,0.0,0.0,,1.0,,,0.0,0.0,0.0,,2.5336651218243373,3.565479843068359,0.0,0.0,17901.0,9.792667717430884,12.5,2.6026896854443837,2.0155213790292716,3.4388561128105376e-05,-2.0937534235002753,0.3394437717489404,0.5942957867624952,0.051604190711224004,-0.916988104661509,1.3105784084628318,-0.09256225588926735,0.596134462102362,-0.08512034238820046,1.768852992093373
Norway,2024,0.0,0.0,0.0,-0.575838734779955,-0.575838734779955,1.3635306002818872,1.0,18.0,0.0,0.0,0.0,0.0,,0.9763741119297198,1.5510278164017588,0.0,2.9444389791664403,0.0,0.0,25.666666666666668,3.283414346005772,-0.6161716444981008,0.15424797263715465,0.0,0.25044432862853416,-0.9629952231321224,0.3871564883521674,-1.460659638472684,-0.5141477386056832,-0.46477070562390854,-1.4246127785072118,-1.0710436375820702,1.4205653239277678
Oman,2024,0.154121467506005,0.0,0.0,0.0,0.154121467506005,2.0934908025678474,1.0,27.0,1391.0,0.01941049604601,1941.0496046010064,0.0,,1.7939573683744139,1.386813749636162,7.238496840894365,3.332204510175204,527.0,6.269096283706261,16.666666666666668,2.8716796248840124,-0.5894897274359437,0.3912249931713889,1.8987853188305577,0.7372173792522042,-0.14541196668742848,0.2995334341934335,-0.27206496331097807,-0.568162089624692,0.007058191688228424,-0.363713371182562,-0.31338561242668395,1.7978248432473418
Pakistan,2025,1.7220031114367018,0.0,-1.36453240075119,0.0,0.1787353553427559,2.118104690404598,2.0,1067.0,6901238.0,0.0001546099409989,15.460994099899178,0.0,,1.8418268429183315,1.8588167635073256,15.747211518664976,6.97354301952014,2533950.0,14.745290302659685,835.6666666666666,6.72942574345772,-0.2507158739155179,0.3232629003798494,1.5542517614405076,0.7466494698203292,-0.09754249214351046,0.2762778474862664,1.8862230632432773,-0.2497377327902084,0.0229680228272543,-0.3015977434807121,0.8539625275001035,1.908547033961768
Palau,2021,0.0,0.0,2.0181841890161825,0.0,2.0181841890161825,3.957553524078024,1.0,0.0,7288.0,0.0,0.0,0.0,,2.8536281798350656,3.1893775581770334,8.894121641382213,0.0,7162.666666666667,8.876777233157096,0.0,0.0,1.5071925515175078,0.37858017659054327,1.2387471431239514,1.3318599898399008,0.9142588447732238,1.1039253442429586,-0.4431288513647365,0.9632270970750322,1.2119439589622352,1.0113198465064839,0.30216592708137346,2.2662119902501554
Palestine,2022,0.0,0.0,0.0,1.2599237674036918,1.2599237674036918,3.1992931024655338,1.0,4.0,3500.0,0.0011428571428571,114.28571428571428,0.0,,2.5231609882132493,4.272634124131929,8.160803920954665,1.6094379124341003,21516.666666666668,9.976629582127032,3.6666666666666665,1.5404450409471488,1.469929451501215,0.5386092924868507,0.09587469993828256,1.0586193814291582,0.5837916531514075,0.6761321142522844,-0.1331531924597807,1.374030377287152,0.7218224735929515,0.5825042549832463,0.4434547946291651,2.226616359002348
Panama,2024,0.0,0.0,0.231731144579394,0.0,0.231731144579394,2.171100479641236,1.0,7.0,3895.0,0.0017971758664955,179.7175866495507,0.12752086,,2.1095175151288728,0.5544598474365541,8.267705664762426,2.0794415416798357,11411.666666666666,9.342479128666614,2.6666666666666665,1.2992829841302609,-0.19972505336456495,0.19341866225060217,1.3005745016774193,1.031288872622882,0.17014818006703059,0.06158296451236342,-0.15945807429701986,-0.7419845011619156,0.057223239371119734,0.045758777406786175,-0.2520657987926423,2.0591722294798713
Papua New Guinea,2024,0.0,0.0,0.0,0.0,0.0,,1.0,,,0.0,0.0,0.0,,2.330590995058792,2.330590995058792,0.0,0.0,0.0,0.0,0.0,0.0,0.40016763608407696,2.1546589951546684,-2.2738577320856157,1.523573986618458,0.3912216599969502,0.051604190711224004,-2.0096510176414846,0.19117466083632817,-0.09256225588926735,0.3326246372248373,-0.9376537182725666,1.9744261281982094
Paraguay,2023,0.6742702223214688,0.0,0.0,0.0,0.6742702223214688,2.613639557383311,1.0,6.0,46675.0,0.0001285484734868,12.854847348687734,0.0,,2.3828669448865805,1.9743177295392669,10.750985392925998,1.9459101490553132,191290.66666666666,12.161554592883414,18.666666666666668,2.9789251552376097,1.0407946021096492,0.1838409878647938,-0.18257730634714597,1.0950788871859922,0.4434976098247385,0.2307726124967303,0.4442409183138606,0.30285168054267825,0.3432699641304721,0.4004581254383833,0.389369686456009,1.994512135439228
Peru,2025,0.0619373946099913,0.0,0.0,0.0,0.0619373946099913,2.0013067296718337,1.0,7.0,65116.0,0.0001075004607162,10.750046071626022,0.0,,2.46637965014056,0.5061845232960185,11.083940930819153,2.0794415416798357,215102.66666666666,12.278875361445571,37.0,3.6375861597263857,-0.200601414787234,0.05268086321004543,0.1936736089838429,1.0155993626568682,0.527010315078718,-0.46507292046872667,0.553765753201866,-0.7612883250526323,-0.05252739849608234,0.5088245563916061,0.1295641412025232,1.7634699370247713
Philippines,2025,-0.1823337728207805,0.0,1.687825876722587,0.0,0.7527460519509033,2.6921153870127457,2.0,115.0,11958703.0,9.616427467092375e-06,0.9616427467092376,0.0,,2.72883859052609,2.584201781358094,16.296969939411248,4.7535901911063645,15995531.666666666,16.587820032884817,202.33333333333334,5.314846668499247,0.9061463001951497,-0.14161736409864495,0.11306430257548292,0.30212476487399637,0.7894692554642477,-0.03672320351334446,1.7767180580213529,0.48949568099977464,0.39399487220594814,0.8493923604741983,1.1547714161389322,2.2390525698660477
Poland,2024,0.0,0.0,0.2409157185084551,1.3265387268776938,0.7837272226930745,2.723096557754917,2.0,1789.0,57000.0,0.0313859649122807,3138.5964912280706,0.008569073,,1.1286760891699101,2.246872492535861,10.950824090522445,7.489970898834801,19504.0,9.878426121940757,1058.3333333333333,6.965395058428552,0.30262141456213826,0.5564288417757849,-0.28227407544721667,0.9265931885340432,-0.8106932458919321,1.5944204685850067,1.1007225064370236,0.11998478666483105,0.41402036343538806,-1.2269851043653548,0.5197619939634923,2.3401785194763285
Portugal,2025,0.0,0.0,-0.7856910370196806,0.0,-0.7856910370196806,1.1536782980421616,1.0,0.0,600.0,0.0,0.0,0.0,,1.3714193669632218,4.023806118246777,6.398594934535208,0.0,200.0,5.303304908059076,790.0,6.673297967767654,0.5990622995582281,0.22109605189230522,0.48947024319075555,1.3199318376510407,-0.5679499680986203,-0.21774106892106027,-0.38985930744876274,0.9342815082436183,-0.6004142380440423,-0.9120004254192203,-0.14262145491200517,1.6718793739353797
Puerto Rico,2022,-1.9393693350618424,0.0,-0.6316363448034314,0.0,-1.285502839932637,0.6538664951292052,2.0,25.0,0.0,0.0,0.0,1.1054629770000002,,1.7725501660740886,0.5786980947207137,0.0,3.258096538021482,133.33333333333334,4.9003242732785735,8.666666666666666,2.268683541318364,-1.2782863090148082,-0.34489718613160586,-1.3527829818844936,2.123589085727624,-0.16681916898775362,-1.1186836709448833,-1.090491541591573,-1.156059124325308,-0.9234806889183425,-0.39149144522440765,-1.0119317997373056,1.4860492725567829
Reunion,2025,0.0,0.0,0.5695138857864517,0.0,0.5695138857864517,2.508883220848294,1.0,5.0,606.0,0.0082508250825082,825.082508250825,0.0,,2.441552558251176,2.456835569645476,6.408528791059498,1.791759469228055,8768.666666666666,9.079054076282054,3.0,1.3862943611198906,0.749408444663826,0.35103645523210386,0.6123898323420175,0.892747445449345,0.5021832231893337,0.06733066259711795,-0.3642568346554912,0.3779167022145797,0.2755579620254405,0.47660881950680406,0.0013453344803958031,1.9407553150906987
Romania,2025,-0.914501336300756,0.0,0.0,0.0,-0.914501336300756,1.024867998761086,1.0,3.0,2500.0,0.0012,120.0,0.0,,1.6171409744835301,3.663847463918899,7.824445930877619,1.3862943611198906,5833.333333333333,8.671515285122727,2513.3333333333335,7.829762971185521,0.468035494871547,0.09307163096944233,1.6034522972601601,1.780685682376991,-0.32222836057831206,-0.592272975722444,0.256888636880298,0.7414519699456483,-0.6836741490390628,-0.5931510535292401,0.15194108321777772,1.6148328665931653
Russia,2024,-0.6962082815740456,0.0,0.0,0.0,-0.6962082815740456,1.2431610534877966,1.0,3.0,38400.0,7.8125e-05,7.8125,0.010442371,,1.0785526581309972,1.2975374930795025,10.555838779903407,1.3862943611198906,17575.333333333332,9.774308579140259,8.333333333333334,2.2335922215070942,-0.9656661500549074,-0.018584956919536058,-0.13047984551882452,0.4114996806810799,-0.860816676930845,0.1646083953567994,0.10156796557273254,-0.7509638886945239,-0.5425747151520453,-1.292025475316075,-0.34754574419167894,1.2423053584840067
Rwanda,2024,-1.6801175794680117,0.0,0.0,0.0,-1.6801175794680117,0.2592517555938305,1.0,14.0,27.0,0.5185185185185185,51851.85185185185,0.0,,2.3507626426299963,3.5878410595108985,3.332204510175204,2.70805020110221,17769.666666666668,9.785304436858405,58.0,4.07753744390572,-0.2305156199100071,-0.37574621213178944,-1.1295256484901854,1.3963068958355487,0.411393307568154,-2.091510887036166,-0.25517353121278835,0.43725239322027315,-1.1785502623485284,0.35879945035165167,-0.15917626161843995,1.5361392890902383
Saint Lucia,2022,1.0624463495522891,0.0,0.0,0.0,1.0624463495522891,3.0018156846141313,1.0,0.0,5500.0,0.0,0.0,0.0,,2.4975841919274817,1.1367997789613036,8.612685172875459,0.0,10166.666666666666,9.22696802974604,0.3333333333333333,0.2876820724517809,0.646003456176326,-0.628001681855594,-1.6911860717973517,1.9649985863474195,0.5582148568656392,0.5042314926866499,-0.41170863304903044,-0.18112516593581127,0.5941777718447125,0.5493156985800371,-0.10707737237375745,1.9383645096858868
Saint Vincent and the Grenadines,2024,0.0,0.0,4.958698175103223,0.0,4.958698175103223,6.898067510165065,1.0,8.0,40028.0,0.0001998600979314,19.9860097931448,19.927284,,3.1558847114737922,2.149494190146874,10.597359470410531,2.1972245773362196,13435.666666666666,9.505742567443102,2.6666666666666665,1.2992829841302609,1.7753298138008278,-0.4239641200372587,-0.3445765228260193,3.12735373184157,1.2165153764119498,3.742182798691273,0.07067771608278925,0.6601316743447908,3.112622197640851,1.4035291692242136,0.8076180231961413,2.4785776767439915
Saudi Arabia,2024,0.0,0.0,0.0,2.237151220531715,2.237151220531715,4.176520555593558,1.0,1301.0,2764.0,0.4706946454413893,47069.46454413893,0.0,,0.8538599603179502,0.4225392952006743,7.9247959139564355,7.171656822768514,1594.0,7.374629015218945,441.3333333333333,6.092063745664098,-0.14656302982148142,0.7084705784581488,0.21801405209458044,1.6261554875640547,-1.085509374743892,3.322660595275607,0.5082182739731058,-0.7729161111434834,1.3534790354008441,-1.5835876471939958,0.10554319979140914,2.326495153378853
Senegal,2024,0.1942537225229519,0.0,0.0,0.0,0.1942537225229519,2.133623057584794,1.0,0.0,55600.0,0.0,0.0,0.0,,1.86301226742632,1.7713126234710692,10.925956465688445,0.0,53679.333333333336,10.89080198126364,0.0,0.0,0.03290708699200746,0.04957633460002665,-0.2684221878195786,0.14992938630206448,-0.07635706763552212,0.270610790158474,-0.0864823616979675,-0.1727140633804231,0.03299872594200898,-0.27410744921736996,-0.10888063272452517,1.7129357503508258
Serbia,2024,0.0,0.0,0.0,3.852249903921309,3.852249903921309,5.791619238983151,1.0,2515.0,0.0,0.0,0.0,0.0,,1.9620653118989706,2.14769809872778,0.0,7.830425617820331,5220.666666666667,8.560571914718183,1185.3333333333333,7.078622596842083,2.0237498769164617,0.9411901319213981,-1.2898790222076097,2.147232756283749,0.022695976837128415,3.8295539270841807,0.05921901680818081,0.7569907273418068,2.3974403752760076,-0.1455758099667004,0.5639156655342732,2.459778236886507
Sierra Leone,2024,0.1585494612891221,0.0,0.0,0.0,0.1585494612891221,2.097918796350964,1.0,0.0,23596.0,0.0,0.0,0.0,,1.8259864846456062,0.8168531676804651,10.068874864289374,0.0,12198.333333333334,9.409136584419523,9.0,2.302585092994046,-0.24352189528008852,-0.11039217460056895,1.378029267008774,0.6422942055288469,-0.11338285041623582,0.2719323117053579,-0.08967006911488047,-0.6561329607227614,0.009920341456736865,-0.32215225774073014,-0.23959544929369306,1.6808980298476142
Slovakia,2024,0.0,0.0,-1.3769207207985574,2.146357457880835,0.3847183685411388,2.324087703602981,2.0,523.0,0.0,0.0,0.0,0.0058895835,,1.3449081527837365,1.8851785604353384,0.0,6.261491684321042,0.0,0.0,378.3333333333333,5.938415326018166,0.6887384224640513,0.5134691857886177,-1.105090587826357,1.4252172736336113,-0.5944611822781056,0.9791795508192445,-0.9342172484699798,0.12957670093465617,0.1561105389234276,-0.9464014863371982,-0.5059380167965315,2.044451848017132
Slovenia,2024,0.0,0.0,0.0,2.5474515234354875,2.5474515234354875,4.48682085849733,1.0,280.0,0.0,0.0,0.0,0.0,,2.498073546846191,3.3744601859490295,0.0,5.638354669333745,501041.0,13.124445208888597,178.66666666666666,5.191103282240888,1.939720800557188,0.9548336997179955,0.6909169335361919,1.6127180030224926,0.558704211784349,1.9887473116511385,0.10190904100439965,1.2057874785218248,1.5540497641833344,0.5499506875418805,0.6405039235143442,2.2538437300975223
Solomon Islands,2023,0.0,0.0,1.1535278205015216,0.0,1.1535278205015216,3.092897155563364,1.0,0.0,22319.0,0.0,0.0,0.0,,3.5163594149917485,6.431684685760393,10.013238416495247,0.0,57773.0,10.964294126468339,16.0,2.833213344056216,1.946820020854669,0.620872036981907,1.0538519972410412,1.9759716849713933,1.5769900799299064,-0.4234622594283848,0.0892895869353558,2.4092694091885027,0.6530506663791854,1.871282632010053,0.9320480089226867,2.312544262916418
Somalia,2025,0.6674558516051026,-1.1438447917418395,0.0,0.0,-0.2381944700683684,1.7011748649934737,2.0,45.0,129492.0,0.0003475118154017,34.75118154017237,0.0,,3.055876292930836,2.742724761243342,11.771382104606703,3.828641396489095,1227165.0,14.020218003865827,73.0,4.30406509320417,1.2070377169529358,-0.2140578305383739,-0.9510626913723591,1.273580867716098,1.116506957868994,-1.3547014279373624,0.9808098834519579,0.6699260061053698,-0.24652549087968637,1.2737578326375587,0.7482834028841243,1.6826876679451401
South Africa,2025,-1.3258106311068836,0.0,0.0,0.0,-1.3258106311068836,0.6135587039549586,1.0,88.0,1000.0,0.088,8800.0,0.0,,1.1849639242203656,1.776300353112349,6.90875477931522,4.48863636973214,27613.666666666668,10.226102311527931,83.33333333333333,4.43477720005941,-0.7903126971759035,-0.3754480332771485,-1.9801099232155712,1.1083865128068422,-0.7544054108414766,-0.571405220265407,0.2874111002015294,-0.494066369030459,-0.9495346855653848,-1.1539457773318085,-0.2376358227248386,1.362530007433921
South Korea,2025,-0.5332529084476603,0.0,0.0,0.0,-0.5332529084476603,1.406116426614182,1.0,31.0,15575.0,0.0019903691813804,199.03691813804173,0.0,,1.7486468622556601,1.0897375038328905,9.653486547052035,3.4657359027997265,10726.333333333334,9.280550280350987,39.333333333333336,3.6971782569286313,-0.789406167200835,0.08537664552701445,0.4446762209032833,0.29440755419117365,-0.1907224728061821,-0.34253043564147817,0.290820808921592,-0.7633509049674602,-0.43724424128164935,-0.4225084708963212,-0.15326480506294857,1.2568792883602686
South Sudan,2024,1.5623422107931433,0.0,0.0,0.0,1.5623422107931433,3.5017115458549855,1.0,0.0,1400000.0,0.0,0.0,0.0,,3.307119742413203,3.2750701507219544,14.151983508870947,0.0,3652890.0,15.11102946684333,2.3333333333333335,1.2039728043259361,1.427113554221597,-0.007507178809949549,0.23121998957977644,0.09571066124948642,1.3677504073513607,0.19459180344178262,0.6760436622405281,0.9654317794341206,0.9172985560210719,1.599772369443419,0.8769517963262969,1.9771998221184708
Spain,2025,0.0,0.0,-1.0313792531071042,0.0,-1.0313792531071042,0.907990081954738,1.0,1.0,1018.0,0.0009823182711198,98.23182711198427,0.0,,1.2199537233577082,2.119636363343621,6.926577033222725,0.6931471805599453,23211.0,10.052424665310498,5111.666666666667,8.539476399656696,-0.285422049619576,-0.199923654365531,1.3406032303431161,1.8813055092769195,-0.7194156117041339,-0.3119636414029703,0.30092946020539474,-0.16093398844734494,-0.7592212520649282,-1.108542869585585,-0.1145062417774366,1.4969718258439695
Sri Lanka,2024,1.2044552685030414,0.0,1.240682037735785,0.0,1.222568653119413,3.161937988181255,2.0,62.0,1008055.0,6.15045806032409e-05,6.15045806032409,0.0,,2.826332319292599,2.4457925125789526,13.823534281625854,4.143134726391533,491693.0,13.10561185076304,28.666666666666668,3.39002408106403,0.7042367085986315,0.30349539434374045,0.2771777662598383,0.5044389348388727,0.886962984230757,0.33560566888865606,1.028234964963576,0.3558389147647,0.6976770169961061,0.9759006252300534,0.8053188262453843,2.0305932687079236
Sudan,2025,-0.688389273761065,0.0,0.0,0.0,-0.688389273761065,1.250980061300777,1.0,32.0,10000.0,0.0032,320.0,0.0,,2.8210449607177077,2.8912089341787226,9.210440366976517,3.4965075614664802,4171843.0,15.243868702265633,103.33333333333333,4.647590901872044,0.44878320888166706,-0.35761825393549423,-0.8949202479625797,0.8553127571392566,0.8816756256558654,-1.5700648994169304,0.8639305803199956,0.43044491754513786,-0.5375206946411731,0.969039726924959,0.5558523880426023,1.5302175582394555
Suriname,2022,0.7799921005777453,0.0,0.0,0.0,0.7799921005777453,2.7193614356395877,1.0,0.0,9000.0,0.0,0.0,0.5538554,,3.11351285743421,2.7656001891034068,9.105090961257085,0.0,8549.333333333334,9.053725547525634,0.6666666666666666,0.5108256237659906,0.9932321742980039,-0.12319607874424203,0.04358426269820577,0.6114493521653299,1.1741435223723673,-0.39415142179462204,-0.363903751643943,0.5949401481596645,0.4116060694184225,1.348547276574752,0.16337879928818316,2.2428055482772775
Sweden,2024,0.0,0.0,0.0,-0.6161663026036579,-0.6161663026036579,1.3232030324581845,1.0,30.0,0.0,0.0,0.0,0.0,,0.7804682008908932,1.1484232542816044,0.0,3.4339872044851463,0.0,0.0,27.666666666666668,3.355735007585398,-0.6419667486089063,0.08715540738136193,-0.9510519035757242,0.46343431201455776,-1.158901134170949,0.5427348315672911,-1.4111303449866617,-0.6823973442296878,-0.4908374854263561,-1.6788210970780628,-1.1176722410725124,1.2332646449284588
Switzerland,2024,0.0,0.0,-1.3135461756895104,1.1910250887101634,-0.0612605434896734,1.8781087915721688,2.0,369.0,0.0,0.0,0.0,0.0,,0.777925576501261,2.570701853050506,0.0,5.91350300563827,5013.333333333333,8.520055757029715,322.3333333333333,5.778683782829319,0.5284729105369509,0.48821046315720595,0.25486609561966406,1.1855162871488871,-1.1614437585605812,1.1001832150709079,-0.22792201219159477,0.335866344503292,-0.13215961283140862,-1.6821204169782036,-0.21803040359250603,1.918513217584143
Syria,2025,0.0,1.34590047560488,0.0,0.0,1.34590047560488,3.285269810666722,1.0,0.0,14500000.0,0.0,0.0,0.0,,2.017512280795576,1.38162102806388,16.489659276356317,0.0,5054183.666666667,15.435727104977962,0.0,0.0,0.18851464585600944,-0.028919588364043566,-0.2729412684384663,0.8035390382733245,0.0781429457337337,1.2677575298711463,0.8046031057086188,-0.26464818456630007,0.7773957710111609,-0.07362759432422873,0.44538611293198566,2.3408713992997967
Taiwan,2025,-0.647584373054523,0.0,-0.8276083369613594,0.0,-0.7375963550079412,1.201772980053901,2.0,46.0,6461.0,0.0071196409224578,711.9640922457824,0.0,,1.5197800362978564,1.3805183468226143,8.773694146384443,3.8501476017100584,2937.0,7.9854843567338225,22.333333333333332,3.1498829533812494,-0.8134991631744573,0.18567088774804105,2.057862149837362,0.33817623834130317,-0.41958929876398576,-0.3180070562439554,0.08474656492612613,-0.6586119692910175,-0.569326980534506,-0.7194870086794423,-0.27962745780781145,1.4411094863939542
Tajikistan,2024,-1.7616438276193085,0.0,0.0,0.0,-1.7616438276193085,0.1777255074425339,1.0,3.0,40.0,0.075,7500.0,0.0,,2.437736101324372,0.3820992126187579,3.713572066704308,1.3862943611198906,8350.0,9.03013657115323,10.333333333333334,2.4277482359480516,-1.0169719012656577,-0.39234587329870274,-1.810541585940203,0.8599483094960467,0.4983667662625296,-2.2600105938818382,-0.5500690057057277,-1.1306427607606817,-1.2312468883382188,0.4716565692499517,-0.695216569368772,1.5520946379619682
Tanzania,2025,-1.2294827148272685,0.0,0.0,0.0,-1.2294827148272685,0.7098866202345737,1.0,26.0,3150.0,0.0082539682539682,825.3968253968255,0.0,,1.8349250284812626,1.962771847995225,8.055475141757274,3.295836866004329,1036600.3333333334,13.851457970993266,82.0,4.418840607796598,0.046341856074423905,-0.11047454131881866,-1.1477904753390304,0.946767265240092,-0.10444430658057975,-1.1250384082466887,0.6015230097529967,-0.09224403425475199,-0.887270613666323,-0.3105535663746298,0.11355454762539893,1.4192718342229196
Thailand,2025,0.6666328927006582,0.0,0.9853854729889492,0.0,0.8260091828448036,2.7653785179066457,2.0,65.0,1576127.0,4.12403315215081e-05,4.12403315215081,0.0,,2.2994571891578044,1.742628513226339,14.270481764376047,4.189654742026425,876339.3333333334,13.683509802840078,78.66666666666667,4.377851263263401,0.20642401455386458,0.1882676222809398,0.04247158711249545,0.42752271761424154,0.36008785409596256,0.46592132874884107,1.2097548152801867,-0.11583244951407907,0.44135041591237334,0.2922252822138863,0.6713443858698181,1.9302352326081702
Togo,2024,-0.1075270555535959,0.0,0.0,0.0,-0.1075270555535959,1.8318422795082463,1.0,0.0,12700.0,0.0,0.0,0.0,,2.183784095303453,1.9904977638687025,9.44943600950432,0.0,29432.0,10.2898717728315,3.6666666666666665,1.5404450409471488,0.22590870981558964,-0.30417208421164316,-0.4198996005504968,0.6427279099077622,0.2444147602416106,-0.3519418157952065,-0.1338199341433427,-0.010831910283655342,-0.1620651848081223,0.14212739830279197,-0.07971498253352433,1.661886155169572
Tonga,2022,0.0,0.0,0.0,0.0,0.0,,1.0,,,0.0,0.0,0.0,,3.694632042461869,3.7809649011986664,0.0,0.0,56000.0,10.933124826700707,0.0,0.0,2.0425540041745673,1.2054840215610056,0.4152861491181102,1.7312299039492374,1.755262707400027,0.051604190711224004,-1.0458853404738861,1.405824758505433,-0.09256225588926735,2.102609929058305,0.024890173911855634,2.035744535516877
Trinidad and Tobago,2022,1.3524642964528348,0.0,0.0,0.0,1.3524642964528348,3.291833631514677,1.0,0.0,100000.0,0.0,0.0,0.0,,2.1187703666919613,3.4497548091191574,11.51293546492023,0.0,83333.33333333333,11.330615908104274,0.0,0.0,0.42188541855701156,0.5809303983550591,2.2284826358517895,1.4682634583313219,0.17940103163011875,1.1730632648227162,0.004030441859376616,0.639244287895576,0.7816384685488434,0.05776531577699509,0.28484859476360835,2.287898912769124
Tunisia,2022,-0.6043042792611766,0.0,0.0,0.0,-0.6043042792611766,1.3350650558006656,1.0,1.0,4000.0,0.00025,25.0,0.0,,2.5325893025457313,0.0510485920785985,8.294299608857235,0.6931471805599453,14666.666666666666,9.593400803726196,3.3333333333333335,1.4663370687934272,-0.7191523410205223,-0.47453494756272147,0.627961322429239,1.0289842843609571,0.5932199674838889,-1.1975242467450655,-0.24247202652354866,-1.1436939212302861,-0.483170155925314,0.5947384745670683,-0.4201611695014361,1.476557202821278
Turkey,2025,0.0,0.0,0.0,-0.943764100360832,-0.943764100360832,0.9956052347010104,1.0,0.0,0.0,0.0,0.0,0.0,,0.9768675875674908,0.2880111406099239,0.0,0.0,495.0,6.206575926724928,20.0,3.044522437723423,-1.3768652563827881,-0.029578435522936607,-1.8993609979396187,0.3312053036378754,-0.9625017474943515,0.01873764713351944,-1.1941576229276167,-1.308939342423719,-0.7025889030976162,-1.42397244248331,-1.1720992267827117,1.3565043596326474
Tuvalu,2021,0.0,1.49872117409346,0.0,0.0,1.49872117409346,3.4380905091553022,1.0,0.0,10204.0,0.0,0.0,0.0,,3.2288401004638962,4.039403248586677,9.230633075243945,0.0,6772.333333333333,8.820748613024309,0.0,0.0,1.875084523944339,0.4729560091158469,1.7039391649733495,1.5213639037312607,1.2894707654020539,0.2092504086914062,-0.4184040162245413,1.4415518545557546,0.8761754324619234,1.4981963830286051,0.432431908698817,2.2723565238713057
Uganda,2024,0.13631238447146,0.0,-1.342809901925964,0.0,-0.603248758727252,1.33612057633459,2.0,91.0,57838.0,0.0015733600746913,157.33600746913794,0.0,,1.91566724671653,0.5172836090181379,10.965418567609882,4.5217885770490405,218940.66666666666,12.29656061106525,878.6666666666666,6.779543047835214,-0.3074977938076477,-0.26926338827518576,-0.6520110937034438,0.93506084649058,-0.02370208834531227,-0.5795466703819397,1.0371387309210793,-0.7989117362916962,-0.4824878925799257,-0.2057821308093183,0.22589003441969494,1.487295081024368
Ukraine,2025,-1.212713332829341,0.0,0.0,0.0,-1.212713332829341,0.7266560022325015,1.0,9.0,2010.0,0.0044776119402985,447.7611940298508,0.0,,1.4416324625253747,0.70078861521358,7.606387389772652,2.302585092994046,2194.3333333333335,7.6940891742682,7.333333333333333,2.120263536200091,-1.1139388064023812,-0.1282019218892891,-0.05360616687536434,0.4652910810888174,-0.4977368725364677,-0.7149764602928732,-0.2710205563453499,-1.0435635081471124,-0.8764312843550676,-0.8208916228830276,-0.6099550101510159,1.4307232556589418
United Kingdom,2024,0.0,0.0,-1.1548913976461943,-0.149798767013628,-0.6523450823299112,1.287024252731931,2.0,578.0,750.0,0.7706666666666667,77066.66666666667,0.0,,0.9181103064545628,1.6264390811493767,6.621405651764134,6.361302477572996,250.0,5.5254529391317835,1968.0,7.585281078639126,-0.4944779237174939,0.06190191150499676,-0.44302272348767,0.43162160053465387,-1.0212590286072796,0.3689139462773684,0.29051150123190894,-0.43673676307105197,-0.514222587368735,-1.5002161329177042,-0.19108344154888923,1.2542398594209658
United States,2025,-1.7149388716602467,0.0,-0.7127199964932558,0.0,-1.2138294340767513,0.7255399009850909,2.0,291.0,23219.0,0.0125328394849046,1253.2839484904605,0.0,,0.9513876355014564,0.7535139651349236,10.052769255251883,5.676753802268282,17907.333333333332,9.793021432842602,726.0,6.588926477533519,-1.2141165155850289,0.030866174575431813,0.1593967982140035,0.12429458111652433,-0.9879816995603858,-0.22584773451636542,0.8210066445340791,-1.0621999389405452,-0.8771527056314675,-1.4570353334273651,-0.1323231016555534,1.0275421712754775
Uruguay,2025,0.0,0.0,0.2994260039025177,0.0,0.2994260039025177,2.23879533896436,1.0,7.0,3000.0,0.0023333333333333,233.33333333333337,0.0,,1.867645379793868,2.999697631766122,8.006700845440367,2.0794415416798357,250681.66666666666,12.431943142014067,3.0,1.3862943611198906,0.40016763608407696,0.18661230360184522,-0.38028736556627357,0.5329260678017953,-0.07172395526797427,0.371149959170492,0.09754351616084922,0.4539594774933039,0.10097958489256657,-0.26809550349067507,0.15059901483856805,1.8683846008074239
Uzbekistan,2022,-1.765314771813041,0.0,0.0,0.0,-1.765314771813041,0.1740545632488011,1.0,5.0,165.0,0.0303030303030303,3030.3030303030305,0.0,,1.4784241201221748,1.4784241201221748,5.111987788356544,1.791759469228055,35112.5,10.466340950893036,4.5,1.7047480922384253,-0.8411924639295394,-0.26817380008340097,-0.44037980865538406,0.9508549387662592,-0.4609452149396673,-1.3043695568733737,-0.32818548828757305,-0.6310367358193697,-1.233619699274485,-0.7731506161644328,-0.584209944606245,1.41580389601848
Vanuatu,2024,0.0,0.0,0.0,0.0,0.0,,1.0,,,0.0,0.0,0.0,,3.5906867017506623,4.443815474127237,0.0,0.0,593702.0,13.2941344733031,0.0,0.0,2.504446139065395,-0.4691104090945106,0.15179144075317016,0.33171115139593005,1.6513173666888203,0.051604190711224004,-0.8377600243428664,1.847556001398294,-0.09256225588926735,1.9677300260203963,0.2258976523967898,1.7375016717318958
Venezuela,2025,0.0,0.0,0.0311962891426442,0.0,0.0311962891426442,1.9705656242044864,1.0,0.0,24095.0,0.0,0.0,0.0,,1.702045714548368,2.07281754877927,10.08980113059962,0.0,17735.666666666668,9.783389338922305,7.0,2.0794415416798357,-0.5213040490949142,-0.31916922048861446,-0.9560457941099015,1.1711121456276763,-0.23732362051347436,0.26851990965611855,-0.07450497373853848,-0.27196185382882665,-0.07239771724687413,-0.4829783124612077,-0.1644004391596278,1.5253037574222992
Vietnam,2025,-1.739544429406515,0.0,1.2909461155922892,0.0,-0.2242991569071128,1.7150701781547293,2.0,127.0,2684562.0,4.7307530986432794e-05,4.730753098643279,0.0,,2.525331634366307,1.8311951285749457,14.803028516626757,4.852030263919617,2341149.6666666665,14.666153104362165,175.0,5.170483995038151,-0.08495088909682781,-0.08463819774693894,0.5873873414037449,0.15021750078328214,0.5859622993044652,-0.810261456211578,1.471580709383375,-0.19548333912450463,-0.23754389124432204,0.5853208943886379,0.7098200256627768,1.6364495214036623
Yemen,2025,1.0467246492333735,0.0,0.0,0.0,1.0467246492333735,2.986093984295216,1.0,82.0,455095.0,0.0001801821597688,18.018215976883948,0.0,,1.858316862239299,4.134388865890148,13.028263664689025,4.418840607796598,543529.3333333334,13.205840795086909,226.33333333333334,5.426417369175352,1.1291075976182845,0.20074516483321858,0.27548165715696804,0.752304483848075,-0.08105247282254335,1.127777122055917,1.1707801693973547,1.1858816483407608,0.5840156390296418,-0.28020022636366515,0.9414428200019473,1.9135961935012562
Zambia,2025,0.0,0.7719550782288627,0.0,0.0,0.7719550782288627,2.711324413290705,1.0,0.0,1467513.0,0.0,0.0,0.0,,2.3324089089243443,3.1857660202104,14.199080370672954,0.0,3325536.0,15.017141722791163,0.0,0.0,0.8671227468179321,0.13773157550250895,0.3827123151184595,0.36279678108114904,0.3930395738625018,0.37891550436636084,0.5657876164643256,0.710427805693855,0.4064111295016012,0.33498356975840976,0.5549607860567077,1.9241110452796533
Zimbabwe,2024,0.0,1.2883285796929596,0.0,0.0,1.2883285796929596,3.2276979147548017,1.0,0.0,7600000.0,0.0,0.0,1.1315365,,2.0452822432179567,0.5546000679853675,15.843658936835498,0.0,2549872.0,14.751554111972784,0.6666666666666666,0.5108256237659906,-0.3046654456291964,0.014187111707503029,-0.6447017558809761,1.070204862861508,0.10591290815611444,1.182415671536845,0.7323768015288376,-0.7831437012043551,0.7401826680512695,-0.03759317649203784,0.27767055802181667,2.224157601261437
